Manufacturer,Range Name,Fitted System Type,Model Number,Group Filter,Room to Exclude,Capacity Cooling (kW),Heating Capacity (kW),Height (mm),Width (mm),Depth (mm),Air Gap (mm),Retail Price (£),Discount (%),Trade Price (£),Colour,Colour Hex,Corresponding Outdoor Unit,Connection Pipe Liquid,Connection Pipe Gas,Unit Photo,PDF,Web Link,Compatible with Multisplit
Daikin,Emura,Wall Mounted,FTXJ20AW9,Daikin Premium,N/A,2,2.5,305,900,212,100,452,34,298.32,White,#FDFDFD,RXJ20A9 ,1/4 Inch (6.35mm),3/8 Inch (9.53mm),https://cdn.prod.website-files.com/68791e956444d53d9ef94535/688a95c90be6a71eadc89e9b_Emura-White.jpg,https://cdn.prod.website-files.com/68791e956444d53d9ef94535/68791ee50f00f6ba4ed692b1_21.pdf,https://www.daikin.co.uk/en_gb/products/product.html/FTXJ-AW9.html,yes
Daikin,Emura,Wall Mounted,FTXJ20AS9,Daikin Premium,N/A,2,2.5,305,900,212,100,539,34,355.74,Silver,#DDDADD,RXJ20A9 ,1/4 Inch (6.35mm),3/8 Inch (9.53mm),https://cdn.prod.website-files.com/68791e956444d53d9ef94535/688a95c992b612e4263ffa62_Emura-Silver.jpg,https://cdn.prod.website-files.com/68791e956444d53d9ef94535/68791ee50f00f6ba4ed692b1_21.pdf,https://www.daikin.co.uk/en_gb/products/product.html/FTXJ-AS9.html,yes
Daikin,Emura,Wall Mounted,FTXJ20AB9,Daikin Premium,N/A,2,2.5,305,900,212,100,496,34,327.36,Black,#1B262C,RXJ20A9 ,1/4 Inch (6.35mm),3/8 Inch (9.53mm),https://cdn.prod.website-files.com/68791e956444d53d9ef94535/688a95c93561edb32e7ace45_Emura-Black.jpg,https://cdn.prod.website-files.com/68791e956444d53d9ef94535/68791ee50f00f6ba4ed692b1_21.pdf,https://www.daikin.co.uk/en_gb/products/product.html/FTXJ-AB9.html,yes
Daikin,Emura,Wall Mounted,FTXJ25AW9,Daikin Premium,N/A,2.5,2.8,305,900,212,100,475,34,313.50,White,#FDFDFD,RXJ25A9,1/4 Inch (6.35mm),3/8 Inch (9.53mm),https://cdn.prod.website-files.com/68791e956444d53d9ef94535/688a95c90be6a71eadc89e9b_Emura-White.jpg,https://cdn.prod.website-files.com/68791e956444d53d9ef94535/68791ee50f00f6ba4ed692b1_21.pdf,https://www.daikin.co.uk/en_gb/products/product.html/FTXJ-AW9.html,yes
Daikin,Emura,Wall Mounted,FTXJ25AS9,Daikin Premium,N/A,2.5,2.8,305,900,212,100,567,34,374.22,Silver,#DDDADD,RXJ25A9,1/4 Inch (6.35mm),3/8 Inch (9.53mm),https://cdn.prod.website-files.com/68791e956444d53d9ef94535/688a95c992b612e4263ffa62_Emura-Silver.jpg,https://cdn.prod.website-files.com/68791e956444d53d9ef94535/68791ee50f00f6ba4ed692b1_21.pdf,https://www.daikin.co.uk/en_gb/products/product.html/FTXJ-AS9.html,yes
Daikin,Emura,Wall Mounted,FTXJ25AB9,Daikin Premium,N/A,2.5,2.8,305,900,212,100,522,34,344.52,Black,#1B262C,RXJ25A9,1/4 Inch (6.35mm),3/8 Inch (9.53mm),https://cdn.prod.website-files.com/68791e956444d53d9ef94535/688a95c93561edb32e7ace45_Emura-Black.jpg,https://cdn.prod.website-files.com/68791e956444d53d9ef94535/68791ee50f00f6ba4ed692b1_21.pdf,https://www.daikin.co.uk/en_gb/products/product.html/FTXJ-AB9.html,yes
Daikin,Emura,Wall Mounted,FTXJ35AW9,Daikin Premium,N/A,3.4,4,305,900,212,100,534,34,352.44,White,#FDFDFD,RXJ35A9,1/4 Inch (6.35mm),3/8 Inch (9.53mm),https://cdn.prod.website-files.com/68791e956444d53d9ef94535/688a95c90be6a71eadc89e9b_Emura-White.jpg,https://cdn.prod.website-files.com/68791e956444d53d9ef94535/68791ee50f00f6ba4ed692b1_21.pdf,https://www.daikin.co.uk/en_gb/products/product.html/FTXJ-AW9.html,yes
Daikin,Emura,Wall Mounted,FTXJ35AS9,Daikin Premium,N/A,3.4,4,305,900,212,100,635,34,419.10,Silver,#DDDADD,RXJ35A9,1/4 Inch (6.35mm),3/8 Inch (9.53mm),https://cdn.prod.website-files.com/68791e956444d53d9ef94535/688a95c992b612e4263ffa62_Emura-Silver.jpg,https://cdn.prod.website-files.com/68791e956444d53d9ef94535/68791ee50f00f6ba4ed692b1_21.pdf,https://www.daikin.co.uk/en_gb/products/product.html/FTXJ-AS9.html,yes
Daikin,Emura,Wall Mounted,FTXJ35AB9,Daikin Premium,N/A,3.4,4,305,900,212,100,586,34,386.76,Black,#1B262C,RXJ35A9,1/4 Inch (6.35mm),3/8 Inch (9.53mm),https://cdn.prod.website-files.com/68791e956444d53d9ef94535/688a95c93561edb32e7ace45_Emura-Black.jpg,https://cdn.prod.website-files.com/68791e956444d53d9ef94535/68791ee50f00f6ba4ed692b1_21.pdf,https://www.daikin.co.uk/en_gb/products/product.html/FTXJ-AB9.html,yes
Daikin,Emura,Wall Mounted,FTXJ42AW9,Daikin Premium,N/A,4.2,5.4,305,900,212,100,603,34,397.98,White,#FDFDFD,RXJ42A9,1/4 Inch (6.35mm),1/2 Inch (12.7mm),https://cdn.prod.website-files.com/68791e956444d53d9ef94535/688a95c90be6a71eadc89e9b_Emura-White.jpg,https://cdn.prod.website-files.com/68791e956444d53d9ef94535/68791ee50f00f6ba4ed692b1_21.pdf,https://www.daikin.co.uk/en_gb/products/product.html/FTXJ-AW9.html,yes
Daikin,Emura,Wall Mounted,FTXJ42AS9,Daikin Premium,N/A,4.2,5.4,305,900,212,100,717,34,473.22,Silver,#DDDADD,RXJ42A9,1/4 Inch (6.35mm),1/2 Inch (12.7mm),https://cdn.prod.website-files.com/68791e956444d53d9ef94535/688a95c992b612e4263ffa62_Emura-Silver.jpg,https://cdn.prod.website-files.com/68791e956444d53d9ef94535/68791ee50f00f6ba4ed692b1_21.pdf,https://www.daikin.co.uk/en_gb/products/product.html/FTXJ-AS9.html,yes
Daikin,Emura,Wall Mounted,FTXJ42AB9,Daikin Premium,N/A,4.2,5.4,305,900,212,100,661,34,436.26,Black,#1B262C,RXJ42A9,1/4 Inch (6.35mm),1/2 Inch (12.7mm),https://cdn.prod.website-files.com/68791e956444d53d9ef94535/688a95c93561edb32e7ace45_Emura-Black.jpg,https://cdn.prod.website-files.com/68791e956444d53d9ef94535/68791ee50f00f6ba4ed692b1_21.pdf,https://www.daikin.co.uk/en_gb/products/product.html/FTXJ-AB9.html,yes
Daikin,Emura,Wall Mounted,FTXJ50AW9,Daikin Premium,N/A,5,5.8,305,900,212,100,703,34,463.98,White,#FDFDFD,RXJ50A9,1/4 Inch (6.35mm),1/2 Inch (12.7mm),https://cdn.prod.website-files.com/68791e956444d53d9ef94535/688a95c90be6a71eadc89e9b_Emura-White.jpg,https://cdn.prod.website-files.com/68791e956444d53d9ef94535/68791ee50f00f6ba4ed692b1_21.pdf,https://www.daikin.co.uk/en_gb/products/product.html/FTXJ-AW9.html,yes
Daikin,Emura,Wall Mounted,FTXJ50AS9,Daikin Premium,N/A,5,5.8,305,900,212,100,837,34,552.42,Silver,#DDDADD,RXJ50A9,1/4 Inch (6.35mm),1/2 Inch (12.7mm),https://cdn.prod.website-files.com/68791e956444d53d9ef94535/688a95c992b612e4263ffa62_Emura-Silver.jpg,https://cdn.prod.website-files.com/68791e956444d53d9ef94535/68791ee50f00f6ba4ed692b1_21.pdf,https://www.daikin.co.uk/en_gb/products/product.html/FTXJ-AS9.html,yes
Daikin,Emura,Wall Mounted,FTXJ50AB9,Daikin Premium,N/A,5,5.8,305,900,212,100,774,34,510.84,Black,#1B262C,RXJ50A9,1/4 Inch (6.35mm),1/2 Inch (12.7mm),https://cdn.prod.website-files.com/68791e956444d53d9ef94535/688a95c93561edb32e7ace45_Emura-Black.jpg,https://cdn.prod.website-files.com/68791e956444d53d9ef94535/68791ee50f00f6ba4ed692b1_21.pdf,https://www.daikin.co.uk/en_gb/products/product.html/FTXJ-AB9.html,yes
Daikin,Stylish,Wall Mounted,CTXA15CW,Multisplit Only,N/A,1.5,1.5,295,798,189,100,380,34,250.80,White,#FDFDFD,N/A,1/4 Inch (6.35mm),3/8 Inch (9.53mm),https://cdn.prod.website-files.com/68791e956444d53d9ef94535/688a95c9990851229ab6be8d_Stylish-White.jpg,https://cdn.prod.website-files.com/68791e956444d53d9ef94535/68791ee53e9ec706e1bf8f06_22.pdf,https://www.daikin.co.uk/en_gb/products/product.html/CTXA-CW.html,yes
Daikin,Stylish,Wall Mounted,CTXA15CB,Multisplit Only,N/A,1.5,1.5,295,798,189,100,380,34,250.80,Black,#1B262C,N/A,1/4 Inch (6.35mm),3/8 Inch (9.53mm),https://cdn.prod.website-files.com/68791e956444d53d9ef94535/688a95c9d7d6e1e658b78e56_Stylish-Black.jpg,https://cdn.prod.website-files.com/68791e956444d53d9ef94535/68791ee53e9ec706e1bf8f06_22.pdf,https://www.daikin.co.uk/en_gb/products/product.html/CTXA-CB.html,yes
Daikin,Stylish,Wall Mounted,CTXA15CS,Multisplit Only,N/A,1.5,1.5,295,798,189,100,380,34,250.80,Silver,#DDDADD,N/A,1/4 Inch (6.35mm),3/8 Inch (9.53mm),https://cdn.prod.website-files.com/68791e956444d53d9ef94535/688a95c9990851229ab6be8d_Stylish-White.jpg,,,yes
Daikin,Stylish,Wall Mounted,FTXA20CW,Daikin Premium,N/A,2,2.5,295,798,189,100,430,34,283.80,White,#FDFDFD,RXA20A8,1/4 Inch (6.35mm),3/8 Inch (9.53mm),https://cdn.prod.website-files.com/68791e956444d53d9ef94535/688a95c9990851229ab6be8d_Stylish-White.jpg,https://cdn.prod.website-files.com/68791e956444d53d9ef94535/68791ee53e9ec706e1bf8f06_22.pdf,https://www.daikin.co.uk/en_gb/products/product.html/FTXA-CW.html,yes
Daikin,Stylish,Wall Mounted,FTXA20CB,Daikin Premium,N/A,2,2.5,295,798,189,100,472,34,311.52,Black,#1B262C,RXA20A8,1/4 Inch (6.35mm),3/8 Inch (9.53mm),https://cdn.prod.website-files.com/68791e956444d53d9ef94535/688a95c9d7d6e1e658b78e56_Stylish-Black.jpg,https://cdn.prod.website-files.com/68791e956444d53d9ef94535/68791ee53e9ec706e1bf8f06_22.pdf,https://www.daikin.co.uk/en_gb/products/product.html/FTXA-CB.html,yes
Daikin,Stylish,Wall Mounted,FTXA20CS,Daikin Premium,N/A,2,2.5,295,798,189,100,513,34,338.58,Silver,#DDDADD,RXA20A8,1/4 Inch (6.35mm),3/8 Inch (9.53mm),https://cdn.prod.website-files.com/68791e956444d53d9ef94535/688a95c992b612e4263ffa62_Emura-Silver.jpg,https://cdn.prod.website-files.com/68791e956444d53d9ef94535/68791ee53e9ec706e1bf8f06_22.pdf,https://www.daikin.co.uk/en_gb/products/product.html/FTXA-CS.html,yes
Daikin,Stylish,Wall Mounted,FTXA25CW,Daikin Premium,N/A,2.5,2.8,295,798,189,100,453,34,298.98,White,#FDFDFD,RXA25A8,1/4 Inch (6.35mm),3/8 Inch (9.53mm),https://cdn.prod.website-files.com/68791e956444d53d9ef94535/688a95c9990851229ab6be8d_Stylish-White.jpg,https://cdn.prod.website-files.com/68791e956444d53d9ef94535/68791ee53e9ec706e1bf8f06_22.pdf,https://www.daikin.co.uk/en_gb/products/product.html/FTXA-CW.html,yes
Daikin,Stylish,Wall Mounted,FTXA25CB,Daikin Premium,N/A,2.5,2.8,295,798,189,100,497,34,328.02,Black,#1B262C,RXA25A8,1/4 Inch (6.35mm),3/8 Inch (9.53mm),https://cdn.prod.website-files.com/68791e956444d53d9ef94535/688a95c9d7d6e1e658b78e56_Stylish-Black.jpg,https://cdn.prod.website-files.com/68791e956444d53d9ef94535/68791ee53e9ec706e1bf8f06_22.pdf,https://www.daikin.co.uk/en_gb/products/product.html/FTXA-CB.html,yes
Daikin,Stylish,Wall Mounted,FTXA25CS,Daikin Premium,N/A,2.5,2.8,295,798,189,100,540,34,356.40,Silver,#DDDADD,RXA25A8,1/4 Inch (6.35mm),3/8 Inch (9.53mm),https://cdn.prod.website-files.com/68791e956444d53d9ef94535/688a95c992b612e4263ffa62_Emura-Silver.jpg,https://cdn.prod.website-files.com/68791e956444d53d9ef94535/68791ee53e9ec706e1bf8f06_22.pdf,https://www.daikin.co.uk/en_gb/products/product.html/FTXA-CS.html,yes
Daikin,Stylish,Wall Mounted,FTXA35CW,Daikin Premium,N/A,3.4,4,295,798,189,100,509,34,335.94,White,#FDFDFD,RXA35A8,1/4 Inch (6.35mm),3/8 Inch (9.53mm),https://cdn.prod.website-files.com/68791e956444d53d9ef94535/688a95c9990851229ab6be8d_Stylish-White.jpg,https://cdn.prod.website-files.com/68791e956444d53d9ef94535/68791ee53e9ec706e1bf8f06_22.pdf,https://www.daikin.co.uk/en_gb/products/product.html/FTXA-CW.html,yes
Daikin,Stylish,Wall Mounted,FTXA35CB,Daikin Premium,N/A,3.4,4,295,798,189,100,558,34,368.28,Black,#1B262C,RXA35A8,1/4 Inch (6.35mm),3/8 Inch (9.53mm),https://cdn.prod.website-files.com/68791e956444d53d9ef94535/688a95c9d7d6e1e658b78e56_Stylish-Black.jpg,https://cdn.prod.website-files.com/68791e956444d53d9ef94535/68791ee53e9ec706e1bf8f06_22.pdf,https://www.daikin.co.uk/en_gb/products/product.html/FTXA-CB.html,yes
Daikin,Stylish,Wall Mounted,FTXA35CS,Daikin Premium,N/A,3.4,4,295,798,189,100,605,34,399.30,Silver,#DDDADD,RXA35A8,1/4 Inch (6.35mm),3/8 Inch (9.53mm),https://cdn.prod.website-files.com/68791e956444d53d9ef94535/688a95c992b612e4263ffa62_Emura-Silver.jpg,https://cdn.prod.website-files.com/68791e956444d53d9ef94535/68791ee53e9ec706e1bf8f06_22.pdf,https://www.daikin.co.uk/en_gb/products/product.html/FTXA-CS.html,yes
Daikin,Stylish,Wall Mounted,FTXA42CW,Daikin Premium,N/A,4.2,5.4,295,798,189,100,574,34,378.84,White,#FDFDFD,RXA42B8,1/4 Inch (6.35mm),3/8 Inch (9.53mm),https://cdn.prod.website-files.com/68791e956444d53d9ef94535/688a95c9990851229ab6be8d_Stylish-White.jpg,https://cdn.prod.website-files.com/68791e956444d53d9ef94535/68791ee53e9ec706e1bf8f06_22.pdf,https://www.daikin.co.uk/en_gb/products/product.html/FTXA-CW.html,yes
Daikin,Stylish,Wall Mounted,FTXA42CB,Daikin Premium,N/A,4.2,5.4,295,798,189,100,630,34,415.80,Black,#1B262C,RXA42B8,1/4 Inch (6.35mm),3/8 Inch (9.53mm),https://cdn.prod.website-files.com/68791e956444d53d9ef94535/688a95c9d7d6e1e658b78e56_Stylish-Black.jpg,https://cdn.prod.website-files.com/68791e956444d53d9ef94535/68791ee53e9ec706e1bf8f06_22.pdf,https://www.daikin.co.uk/en_gb/products/product.html/FTXA-CB.html,yes
Daikin,Stylish,Wall Mounted,FTXA42CS,Daikin Premium,N/A,4.2,5.4,295,798,189,100,683,34,450.78,Silver,#DDDADD,RXA42B8,1/4 Inch (6.35mm),3/8 Inch (9.53mm),https://cdn.prod.website-files.com/68791e956444d53d9ef94535/688a95c992b612e4263ffa62_Emura-Silver.jpg,https://cdn.prod.website-files.com/68791e956444d53d9ef94535/68791ee53e9ec706e1bf8f06_22.pdf,https://www.daikin.co.uk/en_gb/products/product.html/FTXA-CS.html,yes
Daikin,Stylish,Wall Mounted,FTXA50CW,Daikin Premium,N/A,5,5.8,295,798,189,100,670,34,442.20,White,#FDFDFD,RXA50B8,1/4 Inch (6.35mm),1/2 Inch (12.7mm),https://cdn.prod.website-files.com/68791e956444d53d9ef94535/688a95c9990851229ab6be8d_Stylish-White.jpg,https://cdn.prod.website-files.com/68791e956444d53d9ef94535/68791ee53e9ec706e1bf8f06_22.pdf,https://www.daikin.co.uk/en_gb/products/product.html/FTXA-CW.html,yes
Daikin,Stylish,Wall Mounted,FTXA50CB,Daikin Premium,N/A,5,5.8,295,798,189,100,735,34,485.10,Black,#1B262C,RXA50B8,1/4 Inch (6.35mm),1/2 Inch (12.7mm),https://cdn.prod.website-files.com/68791e956444d53d9ef94535/688a95c9d7d6e1e658b78e56_Stylish-Black.jpg,https://cdn.prod.website-files.com/68791e956444d53d9ef94535/68791ee53e9ec706e1bf8f06_22.pdf,https://www.daikin.co.uk/en_gb/products/product.html/FTXA-CB.html,yes
Daikin,Stylish,Wall Mounted,FTXA50CS,Daikin Premium,N/A,5,5.8,295,798,189,100,799,34,527.34,Silver,#DDDADD,RXA50B8,1/4 Inch (6.35mm),1/2 Inch (12.7mm),https://cdn.prod.website-files.com/68791e956444d53d9ef94535/688a95c992b612e4263ffa62_Emura-Silver.jpg,https://cdn.prod.website-files.com/68791e956444d53d9ef94535/68791ee53e9ec706e1bf8f06_22.pdf,https://www.daikin.co.uk/en_gb/products/product.html/FTXA-CS.html,yes
Daikin,Sky Air,Wall Mounted,FTXM35A,Daikin Standard,N/A,3.5,4,298,804,252,100,278,34,183.48,White,#FDFDFD,RZAG35B ,1/4 Inch (6.35mm),1/2 Inch (12.7mm),https://cdn.prod.website-files.com/68791e956444d53d9ef94535/688a95c9634d85f5c33aceb3_FTXM.jpg,https://cdn.prod.website-files.com/68791e956444d53d9ef94535/68791ee5ab891a7a7e9dd1ff_23.pdf,https://www.daikin.co.uk/en_gb/products/product.html/FTXM-A.html,yes
Daikin,Sky Air,Wall Mounted,FTXM50A,Daikin Standard,N/A,5,6,298,804,252,100,431,34,284.46,White,#FDFDFD,RZAG50B ,1/4 Inch (6.35mm),1/2 Inch (12.7mm),https://cdn.prod.website-files.com/68791e956444d53d9ef94535/688a95c9634d85f5c33aceb3_FTXM.jpg,https://cdn.prod.website-files.com/68791e956444d53d9ef94535/68791ee5ab891a7a7e9dd1ff_23.pdf,https://www.daikin.co.uk/en_gb/products/product.html/FTXM-A.html,yes
Daikin,Sky Air,Wall Mounted,FTXM60A,Daikin Standard,N/A,6,7,299,998,292,100,438,34,289.08,White,#FDFDFD,RZAG60B,1/4 Inch (6.35mm),1/2 Inch (12.7mm),https://cdn.prod.website-files.com/68791e956444d53d9ef94535/688a95c9634d85f5c33aceb3_FTXM.jpg,https://cdn.prod.website-files.com/68791e956444d53d9ef94535/68791ee5ab891a7a7e9dd1ff_23.pdf,https://www.daikin.co.uk/en_gb/products/product.html/FTXM-A.html,yes
Daikin,Standard Inverter,Wall Mounted,CTXM15A,Multisplit Only,N/A,1.5,,298,804,252,100,218,34,143.88,White,#FDFDFD,N/A,1/4 Inch (6.35mm),,https://cdn.prod.website-files.com/68791e956444d53d9ef94535/688a95c9634d85f5c33aceb3_FTXM.jpg,,,yes
Daikin,Standard Inverter,Wall Mounted,FTXM20A,Daikin Standard,N/A,2,2.5,298,804,252,100,226,34,149.16,White,#FDFDFD,RXM20A ,1/4 Inch (6.35mm),3/8 Inch (9.53mm),https://cdn.prod.website-files.com/68791e956444d53d9ef94535/688a95c9634d85f5c33aceb3_FTXM.jpg,https://cdn.prod.website-files.com/68791e956444d53d9ef94535/68791ee504b837eb7e9d96e7_24.pdf,https://www.daikin.co.uk/en_gb/products/product.html/FTXM-A.html,yes
Daikin,Standard Inverter,Wall Mounted,FTXM25A,Daikin Standard,N/A,2.5,2.8,298,804,252,100,243,34,160.38,White,#FDFDFD,RXM25A9 ,1/4 Inch (6.35mm),3/8 Inch (9.53mm),https://cdn.prod.website-files.com/68791e956444d53d9ef94535/688a95c9634d85f5c33aceb3_FTXM.jpg,https://cdn.prod.website-files.com/68791e956444d53d9ef94535/68791ee504b837eb7e9d96e7_24.pdf,https://www.daikin.co.uk/en_gb/products/product.html/FTXM-A.html,yes
Daikin,Standard Inverter,Wall Mounted,FTXM35A*,Daikin Standard,N/A,3.4,4,298,804,252,100,278,34,183.48,White,#FDFDFD,RXM35A9 ,1/4 Inch (6.35mm),3/8 Inch (9.53mm),https://cdn.prod.website-files.com/68791e956444d53d9ef94535/688a95c9634d85f5c33aceb3_FTXM.jpg,https://cdn.prod.website-files.com/68791e956444d53d9ef94535/68791ee504b837eb7e9d96e7_24.pdf,https://www.daikin.co.uk/en_gb/products/product.html/FTXM-A.html,yes
Daikin,Standard Inverter,Wall Mounted,FTXM42A,Daikin Standard,N/A,4.2,5.4,298,804,252,100,312,34,205.92,White,#FDFDFD,RXM42A ,1/4 Inch (6.35mm),3/8 Inch (9.53mm),https://cdn.prod.website-files.com/68791e956444d53d9ef94535/688a95c9634d85f5c33aceb3_FTXM.jpg,https://cdn.prod.website-files.com/68791e956444d53d9ef94535/68791ee504b837eb7e9d96e7_24.pdf,https://www.daikin.co.uk/en_gb/products/product.html/FTXM-A.html,yes
Daikin,Standard Inverter,Wall Mounted,FTXM50A*,Daikin Standard,N/A,5,6,298,804,252,100,431,34,284.46,White,#FDFDFD,RXM50A8 ,1/4 Inch (6.35mm),1/2 Inch (12.7mm),https://cdn.prod.website-files.com/68791e956444d53d9ef94535/688a95c9634d85f5c33aceb3_FTXM.jpg,https://cdn.prod.website-files.com/68791e956444d53d9ef94535/68791ee504b837eb7e9d96e7_24.pdf,https://www.daikin.co.uk/en_gb/products/product.html/FTXM-A.html,yes
Daikin,Standard Inverter,Wall Mounted,FTXM60A*,Daikin Standard,N/A,6,7,298,804,252,100,438,34,289.08,White,#FDFDFD,RXM60A ,1/4 Inch (6.35mm),1/2 Inch (12.7mm),https://cdn.prod.website-files.com/68791e956444d53d9ef94535/688a95c9634d85f5c33aceb3_FTXM.jpg,https://cdn.prod.website-files.com/68791e956444d53d9ef94535/68791ee504b837eb7e9d96e7_24.pdf,https://www.daikin.co.uk/en_gb/products/product.html/FTXM-A.html,yes
Daikin,Standard Inverter,Wall Mounted,FTXM71A,Daikin Standard,N/A,7.1,8.2,298,804,252,100,583,34,384.78,White,#FDFDFD,RXM71A,1/4 Inch (6.35mm),5/8 Inch (15.88mm),https://cdn.prod.website-files.com/68791e956444d53d9ef94535/688a95c9634d85f5c33aceb3_FTXM.jpg,https://cdn.prod.website-files.com/68791e956444d53d9ef94535/68791ee504b837eb7e9d96e7_24.pdf,https://www.daikin.co.uk/en_gb/products/product.html/FTXM-A.html,yes
Daikin,Low Inverter,Wall Mounted,FTXP20N9,Daikin Economy,N/A,2,2.5,286,770,225,100,164,34,108.24,White,#FDFDFD,RXP20N9 ,1/4 Inch (6.35mm),3/8 Inch (9.53mm),https://cdn.prod.website-files.com/68791e956444d53d9ef94535/688a95cb997861508fd7a779_FTXP-FTXF.jpg,https://cdn.prod.website-files.com/68791e956444d53d9ef94535/68791ee5dedf988d3995d6c1_25.pdf,https://www.daikin.co.uk/en_gb/products/product.html/FTXP-N9.html,yes
Daikin,Low Inverter,Wall Mounted,FTXP25N9,Daikin Economy,N/A,2.5,3,286,770,225,100,184,34,121.44,White,#FDFDFD,RXP25N9 ,1/4 Inch (6.35mm),3/8 Inch (9.53mm),https://cdn.prod.website-files.com/68791e956444d53d9ef94535/688a95cb997861508fd7a779_FTXP-FTXF.jpg,https://cdn.prod.website-files.com/68791e956444d53d9ef94535/68791ee5dedf988d3995d6c1_25.pdf,https://www.daikin.co.uk/en_gb/products/product.html/FTXP-N9.html,yes
Daikin,Low Inverter,Wall Mounted,FTXP35N9,Daikin Economy,N/A,3.5,4,286,770,225,100,207,34,136.62,White,#FDFDFD,RXP35N9 ,1/4 Inch (6.35mm),3/8 Inch (9.53mm),https://cdn.prod.website-files.com/68791e956444d53d9ef94535/688a95cb997861508fd7a779_FTXP-FTXF.jpg,https://cdn.prod.website-files.com/68791e956444d53d9ef94535/68791ee5dedf988d3995d6c1_25.pdf,https://www.daikin.co.uk/en_gb/products/product.html/FTXP-N9.html,yes
Daikin,Low Inverter,Wall Mounted,FTXP50N9,Daikin Economy,N/A,5,6,286,770,225,100,336,34,221.76,White,#FDFDFD,RXP50N8 ,1/4 Inch (6.35mm),1/2 Inch (12.7mm),https://cdn.prod.website-files.com/68791e956444d53d9ef94535/688a95cb997861508fd7a779_FTXP-FTXF.jpg,https://cdn.prod.website-files.com/68791e956444d53d9ef94535/68791ee5dedf988d3995d6c1_25.pdf,https://www.daikin.co.uk/en_gb/products/product.html/FTXP-N9.html,no
Daikin,Low Inverter,Wall Mounted,FTXP60N,Daikin Economy,N/A,6,7,286,990,263,100,344,34,227.04,White,#FDFDFD,RXP60N9 ,1/4 Inch (6.35mm),1/2 Inch (12.7mm),https://cdn.prod.website-files.com/68791e956444d53d9ef94535/688a95cb997861508fd7a779_FTXP-FTXF.jpg,https://cdn.prod.website-files.com/68791e956444d53d9ef94535/68791ee5dedf988d3995d6c1_25.pdf,https://www.daikin.co.uk/en_gb/products/product.html/FTXP-N.html,no
Daikin,Low Inverter,Wall Mounted,FTXP71N,Daikin Economy,N/A,7.1,8.2,286,990,263,100,458,34,302.28,White,#FDFDFD,RXP71N9,1/4 Inch (6.35mm),1/2 Inch (12.7mm),https://cdn.prod.website-files.com/68791e956444d53d9ef94535/688a95cb997861508fd7a779_FTXP-FTXF.jpg,https://cdn.prod.website-files.com/68791e956444d53d9ef94535/68791ee5dedf988d3995d6c1_25.pdf,https://www.daikin.co.uk/en_gb/products/product.html/FTXP-N.html,no
Daikin,Alpha,Wall Mounted,FAA71B,Daikin Standard,N/A,6.8,7.5,290,1050,269,100,1066,34,703.56,White,#FDFDFD,RZAG71NV1 ,3/8 Inch (9.53mm),5/8 Inch (15.88mm),https://cdn.prod.website-files.com/68791e956444d53d9ef94535/688a95c98708dea3b390d2df_FAA.jpg,https://cdn.prod.website-files.com/68791e956444d53d9ef94535/68791ee5c97fd5edeff52ec9_27.pdf,https://www.daikin.co.uk/en_gb/products/product.html/FAA-B.html,yes
Daikin,Alpha,Wall Mounted,FAA100B,Daikin Standard,N/A,9.5,10.8,340,1200,262,100,1162,34,766.92,White,#FDFDFD,RZAG100NV1 ,3/8 Inch (9.53mm),5/8 Inch (15.88mm),https://cdn.prod.website-files.com/68791e956444d53d9ef94535/688a95c98708dea3b390d2df_FAA.jpg,https://cdn.prod.website-files.com/68791e956444d53d9ef94535/68791ee5c97fd5edeff52ec9_27.pdf,https://www.daikin.co.uk/en_gb/products/product.html/FAA-B.html,no
Daikin,Advance,Wall Mounted,FAA71B*,Daikin Standard,N/A,6.8,7.5,290,1050,269,100,1066,34,703.56,White,#FDFDFD,RZASG71MV1,3/8 Inch (9.53mm),5/8 Inch (15.88mm),https://cdn.prod.website-files.com/68791e956444d53d9ef94535/688a95c98708dea3b390d2df_FAA.jpg,https://cdn.prod.website-files.com/68791e956444d53d9ef94535/68791ee5bc8445842aeedd90_28.pdf,https://www.daikin.co.uk/en_gb/products/product.html/FAA-B.html,yes
Daikin,Advance,Wall Mounted,FAA100B*,Daikin Standard,N/A,9.5,10.8,340,1200,262,100,1162,34,766.92,White,#FDFDFD,RZASG100MV,3/8 Inch (9.53mm),5/8 Inch (15.88mm),https://cdn.prod.website-files.com/68791e956444d53d9ef94535/688a95c98708dea3b390d2df_FAA.jpg,https://cdn.prod.website-files.com/68791e956444d53d9ef94535/68791ee5bc8445842aeedd90_28.pdf,https://www.daikin.co.uk/en_gb/products/product.html/FAA-B.html,no
Daikin,Active,Wall Mounted,FAA71B**,Daikin Standard,N/A,6.8,7.5,290,1050,269,100,1066,34,703.56,White,#FDFDFD,ARXM71A ,3/8 Inch (9.53mm),5/8 Inch (15.88mm),https://cdn.prod.website-files.com/68791e956444d53d9ef94535/688a95c98708dea3b390d2df_FAA.jpg,https://cdn.prod.website-files.com/68791e956444d53d9ef94535/68791ee57f9e8c8d796d2136_29.pdf,https://www.daikin.co.uk/en_gb/products/product.html/FAA-B.html,yes
Daikin,Active,Wall Mounted,FAA100B**,Daikin Standard,N/A,9.5,10.8,340,1200,262,100,1162,34,766.92,White,#FDFDFD,AZAS100MV ,3/8 Inch (9.53mm),5/8 Inch (15.88mm),https://cdn.prod.website-files.com/68791e956444d53d9ef94535/688a95c98708dea3b390d2df_FAA.jpg,https://cdn.prod.website-files.com/68791e956444d53d9ef94535/68791ee57f9e8c8d796d2136_29.pdf,https://www.daikin.co.uk/en_gb/products/product.html/FAA-B.html,no
Daikin,Mini Sky Air,Ceiling Cassette,FCAG35B,Daikin Standard,N/A,3.5,4,204,840,840,100,740,34,488.40,White,#FDFDFD,RZAG35B ,1/4 Inch (6.35mm),3/8 Inch (9.53mm),https://cdn.prod.website-files.com/68791e956444d53d9ef94535/688a95c92361db8761c516c6_FCAG.jpg,https://cdn.prod.website-files.com/68791e956444d53d9ef94535/68791ee504b837eb7e9d9701_35.pdf,https://www.daikin.co.uk/en_gb/products/product.html/FCAG-B.html,yes
Daikin,Mini Sky Air,Ceiling Cassette,FCAG50B,Daikin Standard,N/A,5,5.8,204,840,840,100,762,34,502.92,White,#FDFDFD,RZAG50B ,1/4 Inch (6.35mm),1/2 Inch (12.7mm),https://cdn.prod.website-files.com/68791e956444d53d9ef94535/688a95c92361db8761c516c6_FCAG.jpg,https://cdn.prod.website-files.com/68791e956444d53d9ef94535/68791ee504b837eb7e9d9701_35.pdf,https://www.daikin.co.uk/en_gb/products/product.html/FCAG-B.html,yes
Daikin,Mini Sky Air,Ceiling Cassette,FCAG60B,Daikin Standard,N/A,6,7,204,840,840,100,831,34,548.46,White,#FDFDFD,RZAG60B,1/4 Inch (6.35mm),1/2 Inch (12.7mm),https://cdn.prod.website-files.com/68791e956444d53d9ef94535/688a95c92361db8761c516c6_FCAG.jpg,https://cdn.prod.website-files.com/68791e956444d53d9ef94535/68791ee504b837eb7e9d9701_35.pdf,https://www.daikin.co.uk/en_gb/products/product.html/FCAG-B.html,yes
Daikin,Standard Inverter,Ceiling Cassette,FCAG35B*,Daikin Standard,N/A,3.4,4,204,840,840,100,740,34,488.40,White,#FDFDFD,RXM35A9 ,1/4 Inch (6.35mm),3/8 Inch (9.53mm),https://cdn.prod.website-files.com/68791e956444d53d9ef94535/688a95c92361db8761c516c6_FCAG.jpg,https://cdn.prod.website-files.com/68791e956444d53d9ef94535/68791ee57d2964ae491cff84_36.pdf,https://www.daikin.co.uk/en_gb/products/product.html/FCAG-B.html,yes
Daikin,Standard Inverter,Ceiling Cassette,FCAG50B*,Daikin Standard,N/A,5,5.8,204,840,840,100,762,34,502.92,White,#FDFDFD,RXM50A8 ,1/4 Inch (6.35mm),1/2 Inch (12.7mm),https://cdn.prod.website-files.com/68791e956444d53d9ef94535/688a95c92361db8761c516c6_FCAG.jpg,https://cdn.prod.website-files.com/68791e956444d53d9ef94535/68791ee57d2964ae491cff84_36.pdf,https://www.daikin.co.uk/en_gb/products/product.html/FCAG-B.html,yes
Daikin,Standard Inverter,Ceiling Cassette,FCAG60B*,Daikin Standard,N/A,5.7,7,204,840,840,100,831,34,548.46,White,#FDFDFD,RXM60A,1/4 Inch (6.35mm),1/2 Inch (12.7mm),https://cdn.prod.website-files.com/68791e956444d53d9ef94535/688a95c92361db8761c516c6_FCAG.jpg,https://cdn.prod.website-files.com/68791e956444d53d9ef94535/68791ee57d2964ae491cff84_36.pdf,https://www.daikin.co.uk/en_gb/products/product.html/FCAG-B.html,yes
Daikin,Alpha,Ceiling Cassette,FCAHG71H,Daikin Standard,N/A,6.8,7.5,288,840,840,100,900,34,594.00,White,#FDFDFD,RZAG71NV1,3/8 Inch (9.53mm),5/8 Inch (15.88mm),https://cdn.prod.website-files.com/68791e956444d53d9ef94535/688a95c92361db8761c516c6_FCAG.jpg,https://cdn.prod.website-files.com/68791e956444d53d9ef94535/68791ee59e5236624b13aeff_37.pdf,https://www.daikin.co.uk/en_gb/products/product.html/FCAHG-H.html,yes
Daikin,Alpha,Ceiling Cassette,FCAHG100H,Daikin Standard,N/A,9.5,10.8,288,840,840,100,1065,34,702.90,White,#FDFDFD,RZAG100NV1,3/8 Inch (9.53mm),5/8 Inch (15.88mm),https://cdn.prod.website-files.com/68791e956444d53d9ef94535/688a95c92361db8761c516c6_FCAG.jpg,https://cdn.prod.website-files.com/68791e956444d53d9ef94535/68791ee59e5236624b13aeff_37.pdf,https://www.daikin.co.uk/en_gb/products/product.html/FCAHG-H.html,no
Daikin,Alpha,Ceiling Cassette,FCAHG125H,Daikin Standard,N/A,12.1,13.5,288,840,840,100,1195,34,788.70,White,#FDFDFD,RZAG125NV1,3/8 Inch (9.53mm),5/8 Inch (15.88mm),https://cdn.prod.website-files.com/68791e956444d53d9ef94535/688a95c92361db8761c516c6_FCAG.jpg,https://cdn.prod.website-files.com/68791e956444d53d9ef94535/68791ee59e5236624b13aeff_37.pdf,https://www.daikin.co.uk/en_gb/products/product.html/FCAHG-H.html,no
Daikin,Alpha,Ceiling Cassette,FCAHG140H,Daikin Standard,N/A,13.4,15.5,288,840,840,100,1505,34,993.30,White,#FDFDFD,RZAG140NV1,3/8 Inch (9.53mm),5/8 Inch (15.88mm),https://cdn.prod.website-files.com/68791e956444d53d9ef94535/688a95c92361db8761c516c6_FCAG.jpg,https://cdn.prod.website-files.com/68791e956444d53d9ef94535/68791ee59e5236624b13aeff_37.pdf,https://www.daikin.co.uk/en_gb/products/product.html/FCAHG-H.html,no
Daikin,Advance,Ceiling Cassette,FCAG71B ,Daikin Standard,N/A,6.8,7.5,204,840,840,100,900,34,594.00,White,#FDFDFD,RZASG71MV1,3/8 Inch (9.53mm),5/8 Inch (15.88mm),https://cdn.prod.website-files.com/68791e956444d53d9ef94535/688a95c92361db8761c516c6_FCAG.jpg,https://cdn.prod.website-files.com/68791e956444d53d9ef94535/68791ee5fbf811ae68765902_38.pdf,https://www.daikin.co.uk/en_gb/products/product.html/FCAG-B.html,yes
Daikin,Advance,Ceiling Cassette,FCAG100B ,Daikin Standard,N/A,9.5,10.8,246,840,840,100,1065,34,702.90,White,#FDFDFD,RZASG100MV,3/8 Inch (9.53mm),5/8 Inch (15.88mm),https://cdn.prod.website-files.com/68791e956444d53d9ef94535/688a95c92361db8761c516c6_FCAG.jpg,https://cdn.prod.website-files.com/68791e956444d53d9ef94535/68791ee5fbf811ae68765902_38.pdf,https://www.daikin.co.uk/en_gb/products/product.html/FCAG-B.html,no
Daikin,Advance,Ceiling Cassette,FCAG125B ,Daikin Standard,N/A,12.1,13.5,246,840,840,100,1195,34,788.70,White,#FDFDFD,RZASG125MV,3/8 Inch (9.53mm),5/8 Inch (15.88mm),https://cdn.prod.website-files.com/68791e956444d53d9ef94535/688a95c92361db8761c516c6_FCAG.jpg,https://cdn.prod.website-files.com/68791e956444d53d9ef94535/68791ee5fbf811ae68765902_38.pdf,https://www.daikin.co.uk/en_gb/products/product.html/FCAG-B.html,no
Daikin,Advance,Ceiling Cassette,FCAG140B ,Daikin Standard,N/A,13.4,15.5,246,840,840,100,1505,34,993.30,White,#FDFDFD,RZASG140MV,3/8 Inch (9.53mm),5/8 Inch (15.88mm),https://cdn.prod.website-files.com/68791e956444d53d9ef94535/688a95c92361db8761c516c6_FCAG.jpg,https://cdn.prod.website-files.com/68791e956444d53d9ef94535/68791ee5fbf811ae68765902_38.pdf,https://www.daikin.co.uk/en_gb/products/product.html/FCAG-B.html,no
Daikin,Active,Ceiling Cassette,FCAG71B*,Daikin Standard,N/A,6.8,7.5,204,840,840,100,900,34,594.00,White,#FDFDFD,ARXM71A,3/8 Inch (9.53mm),5/8 Inch (15.88mm),https://cdn.prod.website-files.com/68791e956444d53d9ef94535/688a95c92361db8761c516c6_FCAG.jpg,https://cdn.prod.website-files.com/68791e956444d53d9ef94535/68791ee562616acd90698112_39.pdf,https://www.daikin.co.uk/en_gb/products/product.html/FCAG-B.html,yes
Daikin,Active,Ceiling Cassette,FCAG100B*,Daikin Standard,N/A,9.5,10.8,246,840,840,100,1065,34,702.90,White,#FDFDFD,AZAS100MV,3/8 Inch (9.53mm),5/8 Inch (15.88mm),https://cdn.prod.website-files.com/68791e956444d53d9ef94535/688a95c92361db8761c516c6_FCAG.jpg,https://cdn.prod.website-files.com/68791e956444d53d9ef94535/68791ee562616acd90698112_39.pdf,https://www.daikin.co.uk/en_gb/products/product.html/FCAG-B.html,no
Daikin,Active,Ceiling Cassette,FCAG125B*,Daikin Standard,N/A,12.1,13.5,246,840,840,100,1195,34,788.70,White,#FDFDFD,AZAS125MV,3/8 Inch (9.53mm),5/8 Inch (15.88mm),https://cdn.prod.website-files.com/68791e956444d53d9ef94535/688a95c92361db8761c516c6_FCAG.jpg,https://cdn.prod.website-files.com/68791e956444d53d9ef94535/68791ee562616acd90698112_39.pdf,https://www.daikin.co.uk/en_gb/products/product.html/FCAG-B.html,no
Daikin,Active,Ceiling Cassette,FCAG140B*,Daikin Standard,N/A,13.4,15.5,246,840,840,100,1505,34,993.30,White,#FDFDFD,AZAS140MV,3/8 Inch (9.53mm),5/8 Inch (15.88mm),https://cdn.prod.website-files.com/68791e956444d53d9ef94535/688a95c92361db8761c516c6_FCAG.jpg,https://cdn.prod.website-files.com/68791e956444d53d9ef94535/68791ee562616acd90698112_39.pdf,https://www.daikin.co.uk/en_gb/products/product.html/FCAG-B.html,no
Daikin,Mini Sky Air,Ceiling Cassette,FFA35A9,Daikin Standard,N/A,3.5,4,260,575,575,100,670,34,442.20,Silver,#DDDADD,RZAG35B,1/4 Inch (6.35mm),3/8 Inch (9.53mm),https://cdn.prod.website-files.com/68791e956444d53d9ef94535/688a95c9f22159c57356e704_FFA.jpg,https://cdn.prod.website-files.com/68791e956444d53d9ef94535/68791ee5f2a8e47f809ef151_41.pdf,https://www.daikin.eu/en_us/products/product.html/FFA-A9.html,yes
Daikin,Mini Sky Air,Ceiling Cassette,FFA50A9,Daikin Standard,N/A,5,5.8,260,575,575,100,781,34,515.46,Silver,#DDDADD,RZAG50B,1/4 Inch (6.35mm),1/2 Inch (12.7mm),https://cdn.prod.website-files.com/68791e956444d53d9ef94535/688a95c9f22159c57356e704_FFA.jpg,https://cdn.prod.website-files.com/68791e956444d53d9ef94535/68791ee5f2a8e47f809ef151_41.pdf,https://www.daikin.eu/en_us/products/product.html/FFA-A9.html,yes
Daikin,Mini Sky Air,Ceiling Cassette,FFA60A9,Daikin Standard,N/A,6,7,260,575,575,100,849,34,560.34,Silver,#DDDADD,RZAG60B,1/4 Inch (6.35mm),1/2 Inch (12.7mm),https://cdn.prod.website-files.com/68791e956444d53d9ef94535/688a95c9f22159c57356e704_FFA.jpg,https://cdn.prod.website-files.com/68791e956444d53d9ef94535/68791ee5f2a8e47f809ef151_41.pdf,https://www.daikin.eu/en_us/products/product.html/FFA-A9.html,yes
Daikin,Standard Inverter,Ceiling Cassette,FFA25A9,Daikin Standard,N/A,2.5,3.2,260,575,575,100,577,34,380.82,Silver,#DDDADD,RXM25A9,1/4 Inch (6.35mm),3/8 Inch (9.53mm),https://cdn.prod.website-files.com/68791e956444d53d9ef94535/688a95c9f22159c57356e704_FFA.jpg,https://cdn.prod.website-files.com/68791e956444d53d9ef94535/68791ee582a26b09038727ae_42.pdf,https://www.daikin.eu/en_us/products/product.html/FFA-A9.html,yes
Daikin,Standard Inverter,Ceiling Cassette,FFA35A9*,Daikin Standard,N/A,3.4,4,260,575,575,100,670,34,442.20,Silver,#DDDADD,RXM35A9,1/4 Inch (6.35mm),3/8 Inch (9.53mm),https://cdn.prod.website-files.com/68791e956444d53d9ef94535/688a95c9f22159c57356e704_FFA.jpg,https://cdn.prod.website-files.com/68791e956444d53d9ef94535/68791ee582a26b09038727ae_42.pdf,https://www.daikin.eu/en_us/products/product.html/FFA-A9.html,yes
Daikin,Standard Inverter,Ceiling Cassette,FFA50A9*,Daikin Standard,N/A,5,5.8,260,575,575,100,781,34,515.46,Silver,#DDDADD,RXM50A8,1/4 Inch (6.35mm),1/2 Inch (12.7mm),https://cdn.prod.website-files.com/68791e956444d53d9ef94535/688a95c9f22159c57356e704_FFA.jpg,https://cdn.prod.website-files.com/68791e956444d53d9ef94535/68791ee582a26b09038727ae_42.pdf,https://www.daikin.eu/en_us/products/product.html/FFA-A9.html,yes
Daikin,Standard Inverter,Ceiling Cassette,FFA60A9*,Daikin Standard,N/A,5.7,7,260,575,575,100,849,34,560.34,Silver,#DDDADD,RXM60A,1/4 Inch (6.35mm),1/2 Inch (12.7mm),https://cdn.prod.website-files.com/68791e956444d53d9ef94535/688a95c9f22159c57356e704_FFA.jpg,https://cdn.prod.website-files.com/68791e956444d53d9ef94535/68791ee582a26b09038727ae_42.pdf,https://www.daikin.eu/en_us/products/product.html/FFA-A9.html,yes
Daikin,Mini Sky Air,Ducted Up to 1 - 2m,FDXM35F9,Daikin Standard,N/A,3.5,4,200,750,620,100,580,34,382.80,Silver,#B0B0B0,RZAG35B,1/4 Inch (6.35mm),3/8 Inch (9.53mm),https://cdn.prod.website-files.com/68791e956444d53d9ef94535/688a95c9a64e180bb316a47a_FDX.jpg,https://cdn.prod.website-files.com/68791e956444d53d9ef94535/68791ee5aaeb869ef659a3ef_46.pdf,https://www.daikin.eu/en_us/products/product.html/FDXM-F9.html,yes
Daikin,Mini Sky Air,Ducted Up to 1 - 2m,FDXM50F9,Daikin Standard,N/A,5,5,200,1150,620,100,639,34,421.74,Silver,#B0B0B0,RZAG50B,1/4 Inch (6.35mm),1/2 Inch (12.7mm),https://cdn.prod.website-files.com/68791e956444d53d9ef94535/688a95c9a64e180bb316a47a_FDX.jpg,https://cdn.prod.website-files.com/68791e956444d53d9ef94535/68791ee5aaeb869ef659a3ef_46.pdf,https://www.daikin.eu/en_us/products/product.html/FDXM-F9.html,yes
Daikin,Mini Sky Air,Ducted Up to 1 - 2m,FDXM60F9,Daikin Standard,N/A,6,7,200,1150,620,100,712,34,469.92,Silver,#B0B0B0,RZAG60B,1/4 Inch (6.35mm),1/2 Inch (12.7mm),https://cdn.prod.website-files.com/68791e956444d53d9ef94535/688a95c9a64e180bb316a47a_FDX.jpg,https://cdn.prod.website-files.com/68791e956444d53d9ef94535/68791ee5aaeb869ef659a3ef_46.pdf,https://www.daikin.eu/en_us/products/product.html/FDXM-F9.html,yes
Daikin,Standard Inverter,Ducted Up to 1 - 2m,FDXM25F9,Daikin Standard,N/A,2.4,3.2,200,750,620,100,508,34,335.28,Silver,#B0B0B0,RXM25A9,1/4 Inch (6.35mm),3/8 Inch (9.53mm),https://cdn.prod.website-files.com/68791e956444d53d9ef94535/688a95c9a64e180bb316a47a_FDX.jpg,https://cdn.prod.website-files.com/68791e956444d53d9ef94535/68791ee5bdc5f3f2e223863c_47.pdf,https://www.daikin.eu/en_us/products/product.html/FDXM-F9.html,yes
Daikin,Standard Inverter,Ducted Up to 1 - 2m,FDXM35F9*,Daikin Standard,N/A,3.4,4,200,750,620,100,580,34,382.80,Silver,#B0B0B0,RXM35A9,1/4 Inch (6.35mm),3/8 Inch (9.53mm),https://cdn.prod.website-files.com/68791e956444d53d9ef94535/688a95c9a64e180bb316a47a_FDX.jpg,https://cdn.prod.website-files.com/68791e956444d53d9ef94535/68791ee5bdc5f3f2e223863c_47.pdf,https://www.daikin.eu/en_us/products/product.html/FDXM-F9.html,yes
Daikin,Standard Inverter,Ducted Up to 1 - 2m,FDXM50F9*,Daikin Standard,N/A,5,5,200,1150,620,100,639,34,421.74,Silver,#B0B0B0,RXM50A8,1/4 Inch (6.35mm),1/2 Inch (12.7mm),https://cdn.prod.website-files.com/68791e956444d53d9ef94535/688a95c9a64e180bb316a47a_FDX.jpg,https://cdn.prod.website-files.com/68791e956444d53d9ef94535/68791ee5bdc5f3f2e223863c_47.pdf,https://www.daikin.eu/en_us/products/product.html/FDXM-F9.html,yes
Daikin,Standard Inverter,Ducted Up to 1 - 2m,FDXM60F9*,Daikin Standard,N/A,6,7,200,1150,620,100,712,34,469.92,Silver,#B0B0B0,RXM60A,1/4 Inch (6.35mm),1/2 Inch (12.7mm),https://cdn.prod.website-files.com/68791e956444d53d9ef94535/688a95c9a64e180bb316a47a_FDX.jpg,https://cdn.prod.website-files.com/68791e956444d53d9ef94535/68791ee5bdc5f3f2e223863c_47.pdf,https://www.daikin.eu/en_us/products/product.html/FDXM-F9.html,yes
Daikin,Mini Sky Air,Ducted Up to 1 - 2m,FBA35A9,Daikin Standard,N/A,3.5,4,245,700,800,100,697,34,460.02,Silver,#B0B0B0,RZAG35B,1/4 Inch (6.35mm),3/8 Inch (9.53mm),https://cdn.prod.website-files.com/68791e956444d53d9ef94535/688a95c98225247c81fd6209_FBA.jpg,https://cdn.prod.website-files.com/68791e956444d53d9ef94535/68791ee53c737ba3171ad1ac_48.pdf,https://www.daikin.eu/en_us/products/product.html/FBA-A(9).html,yes
Daikin,Mini Sky Air,Ducted Up to 1 - 2m,FBA50A9,Daikin Standard,N/A,5,6,245,700,800,100,740,34,488.40,Silver,#B0B0B0,RZAG50B,1/4 Inch (6.35mm),1/2 Inch (12.7mm),https://cdn.prod.website-files.com/68791e956444d53d9ef94535/688a95c98225247c81fd6209_FBA.jpg,https://cdn.prod.website-files.com/68791e956444d53d9ef94535/68791ee53c737ba3171ad1ac_48.pdf,https://www.daikin.eu/en_us/products/product.html/FBA-A(9).html,yes
Daikin,Mini Sky Air,Ducted Up to 1 - 2m,FBA60A9,Daikin Standard,N/A,6,7,245,1000,800,100,830,34,547.80,Silver,#B0B0B0,RZAG60B,1/4 Inch (6.35mm),1/2 Inch (12.7mm),https://cdn.prod.website-files.com/68791e956444d53d9ef94535/688a95c98225247c81fd6209_FBA.jpg,https://cdn.prod.website-files.com/68791e956444d53d9ef94535/68791ee53c737ba3171ad1ac_48.pdf,https://www.daikin.eu/en_us/products/product.html/FBA-A(9).html,yes
Daikin,Standard Inverter,Ducted Up to 1 - 2m,FBA35A9*,Daikin Standard,N/A,3.5,4,245,700,800,100,697,34,542.41,Silver,#B0B0B0,RXM35A9,1/4 Inch (6.35mm),3/8 Inch (9.53mm),https://cdn.prod.website-files.com/68791e956444d53d9ef94535/688a95c98225247c81fd6209_FBA.jpg,https://cdn.prod.website-files.com/68791e956444d53d9ef94535/68791ee5adb949938a30f0cb_49.pdf,https://www.daikin.eu/en_us/products/product.html/FBA-A(9).html ,yes
Daikin,Standard Inverter,Ducted Up to 1 - 2m,FBA50A9,Daikin Standard,N/A,5,6,245,700,800,100,740,34,571.14,Silver,#B0B0B0,RXM50A8,1/4 Inch (6.35mm),1/2 Inch (12.7mm),https://cdn.prod.website-files.com/68791e956444d53d9ef94535/688a95c98225247c81fd6209_FBA.jpg,https://cdn.prod.website-files.com/68791e956444d53d9ef94535/68791ee5adb949938a30f0cb_49.pdf,https://www.daikin.eu/en_us/products/product.html/FBA-A(9).html ,yes
Daikin,Standard Inverter,Ducted Up to 1 - 2m,FBA60A9,Daikin Standard,N/A,5.7,7,245,1000,800,100,830,34,629.96,Silver,#B0B0B0,RXM60A,1/4 Inch (6.35mm),1/2 Inch (12.7mm),https://cdn.prod.website-files.com/68791e956444d53d9ef94535/688a95c98225247c81fd6209_FBA.jpg,https://cdn.prod.website-files.com/68791e956444d53d9ef94535/68791ee5adb949938a30f0cb_49.pdf,https://www.daikin.eu/en_us/products/product.html/FBA-A(9).html ,yes
Daikin,Alpha,Ducted Up to 1 - 2m,FBA71A9,Daikin Standard,N/A,6.8,7.5,245,1000,800,100,1244,34,821.04,Silver,#B0B0B0,RZAG71NV1,3/8 Inch (9.53mm),5/8 Inch (15.88mm),https://cdn.prod.website-files.com/68791e956444d53d9ef94535/688a95c98225247c81fd6209_FBA.jpg,https://cdn.prod.website-files.com/68791e956444d53d9ef94535/68791ee5d34663e5e94c370f_50.pdf,https://www.daikin.co.uk/en_gb/products/product.html/FBA-A.html,yes
Daikin,Alpha,Ducted Up to 1 - 2m,FBA100A,Daikin Standard,N/A,9.5,10.8,245,1400,800,100,1305,34,861.30,Silver,#B0B0B0,RZAG100NV1,3/8 Inch (9.53mm),5/8 Inch (15.88mm),https://cdn.prod.website-files.com/68791e956444d53d9ef94535/688a95c98225247c81fd6209_FBA.jpg,https://cdn.prod.website-files.com/68791e956444d53d9ef94535/68791ee5d34663e5e94c370f_50.pdf,https://www.daikin.co.uk/en_gb/products/product.html/FBA-A.html,no
Daikin,Alpha,Ducted Up to 3 - 8m,FBA125A,Daikin Standard,N/A,12.1,13.5,245,1400,800,100,1563,34,1031.58,Silver,#B0B0B0,RZAG125NV1,3/8 Inch (9.53mm),5/8 Inch (15.88mm),https://cdn.prod.website-files.com/68791e956444d53d9ef94535/688a95c98225247c81fd6209_FBA.jpg,https://cdn.prod.website-files.com/68791e956444d53d9ef94535/68791ee5d34663e5e94c370f_50.pdf,https://www.daikin.co.uk/en_gb/products/product.html/FBA-A.html,no
Daikin,Alpha,Ducted Up to 3 - 8m,FBA140A,Daikin Standard,N/A,13.4,15.5,245,1400,800,100,1831,34,1208.46,Silver,#B0B0B0,RZAG140NV1,3/8 Inch (9.53mm),5/8 Inch (15.88mm),https://cdn.prod.website-files.com/68791e956444d53d9ef94535/688a95c98225247c81fd6209_FBA.jpg,https://cdn.prod.website-files.com/68791e956444d53d9ef94535/68791ee5d34663e5e94c370f_50.pdf,https://www.daikin.co.uk/en_gb/products/product.html/FBA-A.html,no
Daikin,Advance,Ducted Up to 1 - 2m,FBA71A9*,Daikin Standard,N/A,6.8,7.5,245,1000,800,100,1244,34,821.04,Silver,#B0B0B0,RZASG71MV1,3/8 Inch (9.53mm),5/8 Inch (15.88mm),https://cdn.prod.website-files.com/68791e956444d53d9ef94535/688a95c98225247c81fd6209_FBA.jpg,https://cdn.prod.website-files.com/68791e956444d53d9ef94535/68791ee57edc797c1551b853_51.pdf,https://www.daikin.co.uk/en_gb/products/product.html/FBA-A.html,yes
Daikin,Advance,Ducted Up to 1 - 2m,FBA100A*,Daikin Standard,N/A,9.5,10.8,245,1400,800,100,1305,34,861.30,Silver,#B0B0B0,RZASG100MV,3/8 Inch (9.53mm),5/8 Inch (15.88mm),https://cdn.prod.website-files.com/68791e956444d53d9ef94535/688a95c98225247c81fd6209_FBA.jpg,https://cdn.prod.website-files.com/68791e956444d53d9ef94535/68791ee57edc797c1551b853_51.pdf,https://www.daikin.co.uk/en_gb/products/product.html/FBA-A.html,no
Daikin,Advance,Ducted Up to 3 - 8m,FBA125A*,Daikin Standard,N/A,12.1,13.5,245,1400,800,100,1563,34,1031.58,Silver,#B0B0B0,RZASG125MV,3/8 Inch (9.53mm),5/8 Inch (15.88mm),https://cdn.prod.website-files.com/68791e956444d53d9ef94535/688a95c98225247c81fd6209_FBA.jpg,https://cdn.prod.website-files.com/68791e956444d53d9ef94535/68791ee57edc797c1551b853_51.pdf,https://www.daikin.co.uk/en_gb/products/product.html/FBA-A.html,no
Daikin,Advance,Ducted Up to 3 - 8m,FBA140A*,Daikin Standard,N/A,13.4,15.5,245,1400,800,100,1831,34,1208.46,Silver,#B0B0B0,RZASG140MV,3/8 Inch (9.53mm),5/8 Inch (15.88mm),https://cdn.prod.website-files.com/68791e956444d53d9ef94535/688a95c98225247c81fd6209_FBA.jpg,https://cdn.prod.website-files.com/68791e956444d53d9ef94535/68791ee57edc797c1551b853_51.pdf,https://www.daikin.co.uk/en_gb/products/product.html/FBA-A.html,no
Daikin,Active,Ducted Up to 1 - 2m,FBA71A9**,Daikin Standard,N/A,6.8,7.5,245,1000,800,100,1244,34,821.04,Silver,#B0B0B0,ARXM71A,3/8 Inch (9.53mm),5/8 Inch (15.88mm),https://cdn.prod.website-files.com/68791e956444d53d9ef94535/688a95c98225247c81fd6209_FBA.jpg,https://cdn.prod.website-files.com/68791e956444d53d9ef94535/68791ee5842966b66a1bae72_52.pdf,https://www.daikin.co.uk/en_gb/products/product.html/FBA-A.html,yes
Daikin,Active,Ducted Up to 1 - 2m,FBA100A**,Daikin Standard,N/A,9.5,10.8,245,1400,800,100,1305,34,861.30,Silver,#B0B0B0,AZAS100MV,3/8 Inch (9.53mm),5/8 Inch (15.88mm),https://cdn.prod.website-files.com/68791e956444d53d9ef94535/688a95c98225247c81fd6209_FBA.jpg,https://cdn.prod.website-files.com/68791e956444d53d9ef94535/68791ee5842966b66a1bae72_52.pdf,https://www.daikin.co.uk/en_gb/products/product.html/FBA-A.html,no
Daikin,Active,Ducted Up to 3 - 8m,FBA125A**,Daikin Standard,N/A,12.1,13.5,245,1400,800,100,1563,34,1031.58,Silver,#B0B0B0,AZAS125MV,3/8 Inch (9.53mm),5/8 Inch (15.88mm),https://cdn.prod.website-files.com/68791e956444d53d9ef94535/688a95c98225247c81fd6209_FBA.jpg,https://cdn.prod.website-files.com/68791e956444d53d9ef94535/68791ee5842966b66a1bae72_52.pdf,https://www.daikin.co.uk/en_gb/products/product.html/FBA-A.html,no
Daikin,Active,Ducted Up to 3 - 8m,FBA140A**,Daikin Standard,N/A,13.4,15.5,245,1400,800,100,1831,34,1208.46,Silver,#B0B0B0,AZAS140MV,3/8 Inch (9.53mm),5/8 Inch (15.88mm),https://cdn.prod.website-files.com/68791e956444d53d9ef94535/688a95c98225247c81fd6209_FBA.jpg,https://cdn.prod.website-files.com/68791e956444d53d9ef94535/68791ee5842966b66a1bae72_52.pdf,https://www.daikin.co.uk/en_gb/products/product.html/FBA-A.html,no
Daikin,Alpha,Ducted Up to 3 - 8m,FDA125A,Daikin Standard,N/A,12.1,13.5,300,1400,700,100,1722,34,1136.52,Silver,#B0B0B0,RZAG125NV1,3/8 Inch (9.53mm),5/8 Inch (15.88mm),https://cdn.prod.website-files.com/68791e956444d53d9ef94535/688a95c987c1d82fac4f9743_FDA.png,https://cdn.prod.website-files.com/68791e956444d53d9ef94535/68791ee538540b6b8e95bf90_53.pdf,https://www.daikin.co.uk/en_gb/products/product.html/FDA-A.html,no
Daikin,Advance,Ducted Up to 3 - 8m,FDA125A*,Daikin Premium,N/A,12.1,13.5,300,1400,700,100,1722,34,1136.52,Silver,#B0B0B0,RZASG125MV,3/8 Inch (9.53mm),5/8 Inch (15.88mm),https://cdn.prod.website-files.com/68791e956444d53d9ef94535/688a95c987c1d82fac4f9743_FDA.png,https://cdn.prod.website-files.com/68791e956444d53d9ef94535/68791ee538540b6b8e95bf90_53.pdf,https://www.daikin.co.uk/en_gb/products/product.html/FDA-A.html,no
Daikin,Standard Inverter,Low Wall Mounted,CFVXM20B,Daikin Standard,N/A,2,3,600,750,238,100,795,34,524.70,White,#FDFDFD,RXM25A9,1/4 Inch (6.35mm),3/8 Inch (9.53mm),https://cdn.prod.website-files.com/68791e956444d53d9ef94535/688a96f5184d3797be5ae57f_FVXM.jpg,https://cdn.prod.website-files.com/68791e956444d53d9ef94535/68791ee5b62c988838033964_57.pdf,https://www.daikin.co.uk/en_gb/products/product.html/CVXM-B.html,yes
Daikin,Standard Inverter,Low Wall Mounted,FVXM25B,Daikin Standard,N/A,2.4,3.4,600,750,238,100,854,34,563.64,White,#FDFDFD,RXM25A9,1/4 Inch (6.35mm),3/8 Inch (9.53mm),https://cdn.prod.website-files.com/68791e956444d53d9ef94535/688a96f5184d3797be5ae57f_FVXM.jpg,https://cdn.prod.website-files.com/68791e956444d53d9ef94535/68791ee5b62c988838033964_57.pdf,https://www.daikin.co.uk/en_gb/products/product.html/FVXM-B.html,yes
Daikin,Standard Inverter,Low Wall Mounted,FVXM35B,Daikin Standard,N/A,3.4,4.5,600,750,238,100,921,34,607.86,White,#FDFDFD,RXM35A9,1/4 Inch (6.35mm),3/8 Inch (9.53mm),https://cdn.prod.website-files.com/68791e956444d53d9ef94535/688a96f5184d3797be5ae57f_FVXM.jpg,https://cdn.prod.website-files.com/68791e956444d53d9ef94535/68791ee5b62c988838033964_57.pdf,https://www.daikin.co.uk/en_gb/products/product.html/FVXM-B.html,yes
Daikin,Standard Inverter,Low Wall Mounted,FVXM50B,Daikin Standard,N/A,5,5.8,600,750,238,100,1007,34,664.62,White,#FDFDFD,RXM50A8,1/4 Inch (6.35mm),1/2 Inch (12.7mm),https://cdn.prod.website-files.com/68791e956444d53d9ef94535/688a96f5184d3797be5ae57f_FVXM.jpg,https://cdn.prod.website-files.com/68791e956444d53d9ef94535/68791ee5b62c988838033964_57.pdf,https://www.daikin.co.uk/en_gb/products/product.html/FVXM-B.html,yes
Daikin,Alpha,Floor Standing,FVA71A,Daikin Standard,N/A,6.8,7.5,1850,600,270,100,1460,34,963.60,White,#FDFDFD,RZAG71NV1,3/8 Inch (9.53mm),5/8 Inch (15.88mm),https://cdn.prod.website-files.com/68791e956444d53d9ef94535/688a95c99b80eed072240dc7_FVA.jpg,https://cdn.prod.website-files.com/68791e956444d53d9ef94535/68791ee64a0604894f408255_58.pdf,https://www.daikin.co.uk/en_gb/products/product.html/FVA-A.html,yes
Daikin,Alpha,Floor Standing,FVA100A,Daikin Standard,N/A,9.5,10.8,1850,600,350,100,1619,34,1068.54,White,#FDFDFD,RZAG100NV1 ,3/8 Inch (9.53mm),5/8 Inch (15.88mm),https://cdn.prod.website-files.com/68791e956444d53d9ef94535/688a95c99b80eed072240dc7_FVA.jpg,https://cdn.prod.website-files.com/68791e956444d53d9ef94535/68791ee64a0604894f408255_58.pdf,https://www.daikin.co.uk/en_gb/products/product.html/FVA-A.html,no
Daikin,Alpha,Floor Standing,FVA125A,Daikin Standard,N/A,12.1,13.5,1850,600,350,100,1798,34,1186.68,White,#FDFDFD,RZAG125NV1 ,3/8 Inch (9.53mm),5/8 Inch (15.88mm),https://cdn.prod.website-files.com/68791e956444d53d9ef94535/688a95c99b80eed072240dc7_FVA.jpg,https://cdn.prod.website-files.com/68791e956444d53d9ef94535/68791ee64a0604894f408255_58.pdf,https://www.daikin.co.uk/en_gb/products/product.html/FVA-A.html,no
Daikin,Alpha,Floor Standing,FVA140A,Daikin Standard,N/A,13.4,15.5,1850,600,350,100,1944,34,1283.04,White,#FDFDFD,RZAG140NV1 ,3/8 Inch (9.53mm),5/8 Inch (15.88mm),https://cdn.prod.website-files.com/68791e956444d53d9ef94535/688a95c99b80eed072240dc7_FVA.jpg,https://cdn.prod.website-files.com/68791e956444d53d9ef94535/68791ee64a0604894f408255_58.pdf,https://www.daikin.co.uk/en_gb/products/product.html/FVA-A.html,no
Daikin,Advance,Floor Standing,FVA71A*,Daikin Standard,N/A,6.8,7.5,1850,600,270,100,1460,34,963.60,White,#FDFDFD,RZASG71MV1 ,3/8 Inch (9.53mm),5/8 Inch (15.88mm),https://cdn.prod.website-files.com/68791e956444d53d9ef94535/688a95c99b80eed072240dc7_FVA.jpg,https://cdn.prod.website-files.com/68791e956444d53d9ef94535/68791ee69e5236624b13b04f_59.pdf,https://www.daikin.co.uk/en_gb/products/product.html/FVA-A.html,yes
Daikin,Advance,Floor Standing,FVA100A*,Daikin Standard,N/A,9.5,10.8,1850,600,350,100,1619,34,1068.54,White,#FDFDFD,RZASG100MV ,3/8 Inch (9.53mm),5/8 Inch (15.88mm),https://cdn.prod.website-files.com/68791e956444d53d9ef94535/688a95c99b80eed072240dc7_FVA.jpg,https://cdn.prod.website-files.com/68791e956444d53d9ef94535/68791ee69e5236624b13b04f_59.pdf,https://www.daikin.co.uk/en_gb/products/product.html/FVA-A.html,no
Daikin,Advance,Floor Standing,FVA125A*,Daikin Standard,N/A,12.1,13.5,1850,600,350,100,1798,34,1186.68,White,#FDFDFD,RZASG125MV ,3/8 Inch (9.53mm),5/8 Inch (15.88mm),https://cdn.prod.website-files.com/68791e956444d53d9ef94535/688a95c99b80eed072240dc7_FVA.jpg,https://cdn.prod.website-files.com/68791e956444d53d9ef94535/68791ee69e5236624b13b04f_59.pdf,https://www.daikin.co.uk/en_gb/products/product.html/FVA-A.html,no
Daikin,Advance,Floor Standing,FVA140A*,Daikin Standard,N/A,13.4,15.5,1850,600,350,100,1944,34,1283.04,White,#FDFDFD,RZASG140MV ,3/8 Inch (9.53mm),5/8 Inch (15.88mm),https://cdn.prod.website-files.com/68791e956444d53d9ef94535/688a95c99b80eed072240dc7_FVA.jpg,https://cdn.prod.website-files.com/68791e956444d53d9ef94535/68791ee69e5236624b13b04f_59.pdf,https://www.daikin.co.uk/en_gb/products/product.html/FVA-A.html,no
Daikin,Active,Floor Standing,FVA100A**,Daikin Standard,N/A,9.5,10.8,1850,600,350,100,1619,34,1149.12,White,#FDFDFD,AZAS100MV ,3/8 Inch (9.53mm),5/8 Inch (15.88mm),https://cdn.prod.website-files.com/68791e956444d53d9ef94535/688a95c99b80eed072240dc7_FVA.jpg,https://cdn.prod.website-files.com/68791e956444d53d9ef94535/68791ee69e5236624b13b083_60.pdf,https://www.daikin.co.uk/en_gb/products/product.html/FVA-A.html,no
Daikin,Active,Floor Standing,FVA125A**,Daikin Standard,N/A,12.1,13.5,1850,600,350,100,1798,34,1266.77,White,#FDFDFD,AZAS125MV ,3/8 Inch (9.53mm),5/8 Inch (15.88mm),https://cdn.prod.website-files.com/68791e956444d53d9ef94535/688a95c99b80eed072240dc7_FVA.jpg,https://cdn.prod.website-files.com/68791e956444d53d9ef94535/68791ee69e5236624b13b083_60.pdf,https://www.daikin.co.uk/en_gb/products/product.html/FVA-A.html,no
Daikin,Active,Floor Standing,FVA140A**,Daikin Standard,N/A,13.4,15.5,1850,600,350,100,1944,34,1362.53,White,#FDFDFD,AZAS140MV ,3/8 Inch (9.53mm),5/8 Inch (15.88mm),https://cdn.prod.website-files.com/68791e956444d53d9ef94535/688a95c99b80eed072240dc7_FVA.jpg,https://cdn.prod.website-files.com/68791e956444d53d9ef94535/68791ee69e5236624b13b083_60.pdf,https://www.daikin.co.uk/en_gb/products/product.html/FVA-A.html,no
Daikin,Mini Sky Air,Floor Standing,FNA35A9 ,Daikin Standard,N/A,3.5,4,620,790,200,100,678,34,447.48,Silver,#B0B0B0,RZAG35B,1/4 Inch (6.35mm),3/8 Inch (9.53mm),https://cdn.prod.website-files.com/68791e956444d53d9ef94535/688a95c9438560d4ac99df1e_FNA.jpg,https://cdn.prod.website-files.com/68791e956444d53d9ef94535/68791ee6c9842b6942f8925f_61.pdf,https://www.daikin.co.uk/en_gb/products/product.html/FNA-A9.html,yes
Daikin,Mini Sky Air,Floor Standing,FNA50A9 ,Daikin Standard,N/A,5,5,620,1190,200,100,810,34,534.60,Silver,#B0B0B0,RZAG50B,1/4 Inch (6.35mm),1/2 Inch (12.7mm),https://cdn.prod.website-files.com/68791e956444d53d9ef94535/688a95c9438560d4ac99df1e_FNA.jpg,https://cdn.prod.website-files.com/68791e956444d53d9ef94535/68791ee6c9842b6942f8925f_61.pdf,https://www.daikin.co.uk/en_gb/products/product.html/FNA-A9.html,yes
Daikin,Mini Sky Air,Floor Standing,FNA60A9,Daikin Standard,N/A,6,7,620,1190,200,100,902,34,595.32,Silver,#B0B0B0,RZAG60B,1/4 Inch (6.35mm),1/2 Inch (12.7mm),https://cdn.prod.website-files.com/68791e956444d53d9ef94535/688a95c9438560d4ac99df1e_FNA.jpg,https://cdn.prod.website-files.com/68791e956444d53d9ef94535/68791ee6c9842b6942f8925f_61.pdf,https://www.daikin.co.uk/en_gb/products/product.html/FNA-A9.html,yes
Daikin,Standard Inverter,Floor Standing,FNA25A9,Daikin Standard,N/A,2.6,3.2,520,790,200,100,526,34,347.16,Silver,#B0B0B0,RXM25A9,1/4 Inch (6.35mm),3/8 Inch (9.53mm),https://cdn.prod.website-files.com/68791e956444d53d9ef94535/688a95c9438560d4ac99df1e_FNA.jpg,https://cdn.prod.website-files.com/68791e956444d53d9ef94535/68791ee665f3a9e7cef484bb_62.pdf,https://www.daikin.co.uk/en_gb/products/product.html/FNA-A9.html,yes
Daikin,Standard Inverter,Floor Standing,FNA35A9*,Daikin Standard,N/A,3.5,4,620,790,200,100,678,34,447.48,Silver,#B0B0B0,RXM35A9,1/4 Inch (6.35mm),3/8 Inch (9.53mm),https://cdn.prod.website-files.com/68791e956444d53d9ef94535/688a95c9438560d4ac99df1e_FNA.jpg,https://cdn.prod.website-files.com/68791e956444d53d9ef94535/68791ee665f3a9e7cef484bb_62.pdf,https://www.daikin.co.uk/en_gb/products/product.html/FNA-A9.html,yes
Daikin,Standard Inverter,Floor Standing,FNA50A9*,Daikin Standard,N/A,5,5,620,1190,200,100,810,34,534.60,Silver,#B0B0B0,RXM50A8,1/4 Inch (6.35mm),1/2 Inch (12.7mm),https://cdn.prod.website-files.com/68791e956444d53d9ef94535/688a95c9438560d4ac99df1e_FNA.jpg,https://cdn.prod.website-files.com/68791e956444d53d9ef94535/68791ee665f3a9e7cef484bb_62.pdf,https://www.daikin.co.uk/en_gb/products/product.html/FNA-A9.html,yes
Daikin,Standard Inverter,Floor Standing,FNA60A9*,Daikin Standard,N/A,6,7,620,1190,200,100,902,34,595.32,Silver,#B0B0B0,RXM60A,1/4 Inch (6.35mm),1/2 Inch (12.7mm),https://cdn.prod.website-files.com/68791e956444d53d9ef94535/688a95c9438560d4ac99df1e_FNA.jpg,https://cdn.prod.website-files.com/68791e956444d53d9ef94535/68791ee665f3a9e7cef484bb_62.pdf,https://www.daikin.co.uk/en_gb/products/product.html/FNA-A9.html,yes
Daikin,Mini Sky Air,Ceiling Suspended,FHA35A9,Daikin Standard,N/A,3.5,4,235,960,690,100,1062,34,700.92,White,#FDFDFD,RZAG35B,1/4 Inch (6.35mm),3/8 Inch (9.53mm),https://cdn.prod.website-files.com/68791e956444d53d9ef94535/688a95c96992aa3d7bd3f64a_FHA.jpg,https://cdn.prod.website-files.com/68791e956444d53d9ef94535/68791ee68e11163d9d901b8d_63.pdf,https://www.daikin.co.uk/en_gb/products/product.html/FHA-A(9).html,yes
Daikin,Mini Sky Air,Ceiling Suspended,FHA50A9,Daikin Standard,N/A,5,5.8,235,960,690,100,1151,34,759.66,White,#FDFDFD,RZAG50B,1/4 Inch (6.35mm),1/2 Inch (12.7mm),https://cdn.prod.website-files.com/68791e956444d53d9ef94535/688a95c96992aa3d7bd3f64a_FHA.jpg,https://cdn.prod.website-files.com/68791e956444d53d9ef94535/68791ee68e11163d9d901b8d_63.pdf,https://www.daikin.co.uk/en_gb/products/product.html/FHA-A(9).html,yes
Daikin,Mini Sky Air,Ceiling Suspended,FHA60A9,Daikin Standard,N/A,6,7,235,1270,690,100,1263,34,833.58,White,#FDFDFD,RZAG60B,1/4 Inch (6.35mm),1/2 Inch (12.7mm),https://cdn.prod.website-files.com/68791e956444d53d9ef94535/688a95c96992aa3d7bd3f64a_FHA.jpg,https://cdn.prod.website-files.com/68791e956444d53d9ef94535/68791ee68e11163d9d901b8d_63.pdf,https://www.daikin.co.uk/en_gb/products/product.html/FHA-A(9).html,yes
Daikin,Standard Inverter,Ceiling Suspended,FHA35A9*,Daikin Standard,N/A,3.4,4,235,960,690,100,1062,34,700.92,White,#FDFDFD,RXM35A9,1/4 Inch (6.35mm),3/8 Inch (9.53mm),https://cdn.prod.website-files.com/68791e956444d53d9ef94535/688a95c96992aa3d7bd3f64a_FHA.jpg,https://cdn.prod.website-files.com/68791e956444d53d9ef94535/68791ee62631f088ce907e0b_64.pdf,https://www.daikin.co.uk/en_gb/products/product.html/FHA-A(9).html,yes
Daikin,Standard Inverter,Ceiling Suspended,FHA50A9*,Daikin Standard,N/A,5,5.8,235,960,690,100,1151,34,759.66,White,#FDFDFD,RXM50A8,1/4 Inch (6.35mm),1/2 Inch (12.7mm),https://cdn.prod.website-files.com/68791e956444d53d9ef94535/688a95c96992aa3d7bd3f64a_FHA.jpg,https://cdn.prod.website-files.com/68791e956444d53d9ef94535/68791ee62631f088ce907e0b_64.pdf,https://www.daikin.co.uk/en_gb/products/product.html/FHA-A(9).html,yes
Daikin,Standard Inverter,Ceiling Suspended,FHA60A9*,Daikin Standard,N/A,5.7,7,235,960,690,100,1263,34,833.58,White,#FDFDFD,RXM60A,1/4 Inch (6.35mm),1/2 Inch (12.7mm),https://cdn.prod.website-files.com/68791e956444d53d9ef94535/688a95c96992aa3d7bd3f64a_FHA.jpg,https://cdn.prod.website-files.com/68791e956444d53d9ef94535/68791ee62631f088ce907e0b_64.pdf,https://www.daikin.co.uk/en_gb/products/product.html/FHA-A(9).html,yes
Daikin,Alpha,Ceiling Suspended,FHA71A9,Daikin Standard,N/A,6.8,7.5,235,1270,690,100,1346,34,888.36,White,#FDFDFD,RZAG71NV1,3/8 Inch (9.53mm),5/8 Inch (15.88mm),https://cdn.prod.website-files.com/68791e956444d53d9ef94535/688a95c96992aa3d7bd3f64a_FHA.jpg,https://cdn.prod.website-files.com/68791e956444d53d9ef94535/68791ee68e11163d9d901b9e_65.pdf,http://www.daikintech.co.uk/Data/Split-Sky-Air-Indoor/FHQ(FHA)/2019/FHA-AVEB9/FHA35-140AVEB9_Databook_EEDEN18.pdf,yes
Daikin,Alpha,Ceiling Suspended,FHA100A,Daikin Standard,N/A,9.5,10.8,235,1590,690,100,1438,34,949.08,White,#FDFDFD,RZAG100NV1,3/8 Inch (9.53mm),5/8 Inch (15.88mm),https://cdn.prod.website-files.com/68791e956444d53d9ef94535/688a95c96992aa3d7bd3f64a_FHA.jpg,https://cdn.prod.website-files.com/68791e956444d53d9ef94535/68791ee68e11163d9d901b9e_65.pdf,http://www.daikintech.co.uk/Data/Split-Sky-Air-Indoor/FHQ(FHA)/2019/FHA-AVEB9/FHA35-140AVEB9_Databook_EEDEN18.pdf,no
Daikin,Alpha,Ceiling Suspended,FHA125A,Daikin Standard,N/A,12.1,13.5,235,1590,690,100,1826,34,1205.16,White,#FDFDFD,RZAG125NV1,3/8 Inch (9.53mm),5/8 Inch (15.88mm),https://cdn.prod.website-files.com/68791e956444d53d9ef94535/688a95c96992aa3d7bd3f64a_FHA.jpg,https://cdn.prod.website-files.com/68791e956444d53d9ef94535/68791ee68e11163d9d901b9e_65.pdf,http://www.daikintech.co.uk/Data/Split-Sky-Air-Indoor/FHQ(FHA)/2019/FHA-AVEB9/FHA35-140AVEB9_Databook_EEDEN18.pdf,no
Daikin,Alpha,Ceiling Suspended,FHA140A,Daikin Standard,N/A,13.4,15.5,235,1590,690,100,2190,34,1445.40,White,#FDFDFD,RZAG140NV1,3/8 Inch (9.53mm),5/8 Inch (15.88mm),https://cdn.prod.website-files.com/68791e956444d53d9ef94535/688a95c96992aa3d7bd3f64a_FHA.jpg,https://cdn.prod.website-files.com/68791e956444d53d9ef94535/68791ee68e11163d9d901b9e_65.pdf,http://www.daikintech.co.uk/Data/Split-Sky-Air-Indoor/FHQ(FHA)/2019/FHA-AVEB9/FHA35-140AVEB9_Databook_EEDEN18.pdf,no
Daikin,Advance,Ceiling Suspended,FHA71A9*,Daikin Standard,N/A,6.8,7.5,235,1270,690,100,1346,34,888.36,White,#FDFDFD,RZASG71MV1,3/8 Inch (9.53mm),5/8 Inch (15.88mm),https://cdn.prod.website-files.com/68791e956444d53d9ef94535/688a95c96992aa3d7bd3f64a_FHA.jpg,https://cdn.prod.website-files.com/68791e956444d53d9ef94535/68791ee61b7b53d0ad70abc5_66.pdf,http://www.daikintech.co.uk/Data/Split-Sky-Air-Indoor/FHQ(FHA)/2019/FHA-AVEB9/FHA35-140AVEB9_Databook_EEDEN18.pdf,yes
Daikin,Advance,Ceiling Suspended,FHA100A*,Daikin Standard,N/A,9.5,10.8,235,1590,690,100,1438,34,949.08,White,#FDFDFD,RZASG100MV,3/8 Inch (9.53mm),5/8 Inch (15.88mm),https://cdn.prod.website-files.com/68791e956444d53d9ef94535/688a95c96992aa3d7bd3f64a_FHA.jpg,https://cdn.prod.website-files.com/68791e956444d53d9ef94535/68791ee61b7b53d0ad70abc5_66.pdf,http://www.daikintech.co.uk/Data/Split-Sky-Air-Indoor/FHQ(FHA)/2019/FHA-AVEB9/FHA35-140AVEB9_Databook_EEDEN18.pdf,no
Daikin,Advance,Ceiling Suspended,FHA125A*,Daikin Standard,N/A,12.1,13.5,235,1590,690,100,1826,34,1205.16,White,#FDFDFD,RZASG125MV,3/8 Inch (9.53mm),5/8 Inch (15.88mm),https://cdn.prod.website-files.com/68791e956444d53d9ef94535/688a95c96992aa3d7bd3f64a_FHA.jpg,https://cdn.prod.website-files.com/68791e956444d53d9ef94535/68791ee61b7b53d0ad70abc5_66.pdf,http://www.daikintech.co.uk/Data/Split-Sky-Air-Indoor/FHQ(FHA)/2019/FHA-AVEB9/FHA35-140AVEB9_Databook_EEDEN18.pdf,no
Daikin,Advance,Ceiling Suspended,FHA140A*,Daikin Standard,N/A,13.4,15.5,235,1590,690,100,2190,34,1445.40,White,#FDFDFD,RZASG140MV,3/8 Inch (9.53mm),5/8 Inch (15.88mm),https://cdn.prod.website-files.com/68791e956444d53d9ef94535/688a95c96992aa3d7bd3f64a_FHA.jpg,https://cdn.prod.website-files.com/68791e956444d53d9ef94535/68791ee61b7b53d0ad70abc5_66.pdf,http://www.daikintech.co.uk/Data/Split-Sky-Air-Indoor/FHQ(FHA)/2019/FHA-AVEB9/FHA35-140AVEB9_Databook_EEDEN18.pdf,no
Daikin,Active,Ceiling Suspended,FHA71A9**,Daikin Standard,N/A,6.8,7.5,235,1270,690,100,1346,34,888.36,White,#FDFDFD,ARXM71A ,3/8 Inch (9.53mm),5/8 Inch (15.88mm),https://cdn.prod.website-files.com/68791e956444d53d9ef94535/688a95c96992aa3d7bd3f64a_FHA.jpg,https://cdn.prod.website-files.com/68791e956444d53d9ef94535/68791ee6ea5fc93a7d640eb4_67.pdf,http://www.daikintech.co.uk/Data/Split-Sky-Air-Indoor/FHQ(FHA)/2019/FHA-AVEB9/FHA35-140AVEB9_Databook_EEDEN18.pdf,yes
Daikin,Active,Ceiling Suspended,FHA100A**,Daikin Standard,N/A,9.5,10.8,235,1590,690,100,1438,34,949.08,White,#FDFDFD,AZAS100MV ,3/8 Inch (9.53mm),5/8 Inch (15.88mm),https://cdn.prod.website-files.com/68791e956444d53d9ef94535/688a95c96992aa3d7bd3f64a_FHA.jpg,https://cdn.prod.website-files.com/68791e956444d53d9ef94535/68791ee6ea5fc93a7d640eb4_67.pdf,http://www.daikintech.co.uk/Data/Split-Sky-Air-Indoor/FHQ(FHA)/2019/FHA-AVEB9/FHA35-140AVEB9_Databook_EEDEN18.pdf,no
Daikin,Active,Ceiling Suspended,FHA125A**,Daikin Standard,N/A,12.1,13.5,235,1590,690,100,1826,34,1205.16,White,#FDFDFD,AZAS125MV ,3/8 Inch (9.53mm),5/8 Inch (15.88mm),https://cdn.prod.website-files.com/68791e956444d53d9ef94535/688a95c96992aa3d7bd3f64a_FHA.jpg,https://cdn.prod.website-files.com/68791e956444d53d9ef94535/68791ee6ea5fc93a7d640eb4_67.pdf,http://www.daikintech.co.uk/Data/Split-Sky-Air-Indoor/FHQ(FHA)/2019/FHA-AVEB9/FHA35-140AVEB9_Databook_EEDEN18.pdf,no
Daikin,Active,Ceiling Suspended,FHA140A**,Daikin Standard,N/A,13.4,15.5,235,1590,690,100,2190,34,1445.40,White,#FDFDFD,AZAS140MV ,3/8 Inch (9.53mm),5/8 Inch (15.88mm),https://cdn.prod.website-files.com/68791e956444d53d9ef94535/688a95c96992aa3d7bd3f64a_FHA.jpg,https://cdn.prod.website-files.com/68791e956444d53d9ef94535/68791ee6ea5fc93a7d640eb4_67.pdf,http://www.daikintech.co.uk/Data/Split-Sky-Air-Indoor/FHQ(FHA)/2019/FHA-AVEB9/FHA35-140AVEB9_Databook_EEDEN18.pdf,no
Daikin,Alpha,Under Ceiling,FUA71A,Daikin Standard,N/A,6.8,7.5,198,950,950,100,1239,34,817.74,White,#FDFDFD,RZAG71NV1 ,3/8 Inch (9.53mm),5/8 Inch (15.88mm),https://cdn.prod.website-files.com/68791e956444d53d9ef94535/688a95c9813b981b9c7a9f6e_FUA.jpg,https://cdn.prod.website-files.com/68791e956444d53d9ef94535/68791ee6b96f7aedaa57dbcc_68.pdf,https://www.daikin.co.uk/en_gb/products/product.html/FUA-A.html,yes
Daikin,Alpha,Under Ceiling,FUA100A,Daikin Standard,N/A,9.5,10.8,198,950,950,100,1368,34,902.88,White,#FDFDFD,RZAG100NV1,3/8 Inch (9.53mm),5/8 Inch (15.88mm),https://cdn.prod.website-files.com/68791e956444d53d9ef94535/688a95c9813b981b9c7a9f6e_FUA.jpg,https://cdn.prod.website-files.com/68791e956444d53d9ef94535/68791ee6b96f7aedaa57dbcc_68.pdf,https://www.daikin.co.uk/en_gb/products/product.html/FUA-A.html,no
Daikin,Alpha,Under Ceiling,FUA125A,Daikin Standard,N/A,12.1,13.5,198,950,950,100,1524,34,1005.84,White,#FDFDFD,RZAG125NV1,3/8 Inch (9.53mm),5/8 Inch (15.88mm),https://cdn.prod.website-files.com/68791e956444d53d9ef94535/688a95c9813b981b9c7a9f6e_FUA.jpg,https://cdn.prod.website-files.com/68791e956444d53d9ef94535/68791ee6b96f7aedaa57dbcc_68.pdf,https://www.daikin.co.uk/en_gb/products/product.html/FUA-A.html,no
Daikin,Advance,Under Ceiling,FUA71A*,Daikin Standard,N/A,6.8,7.5,198,950,950,100,1239,34,817.74,White,#FDFDFD,RZASG71MV1,3/8 Inch (9.53mm),5/8 Inch (15.88mm),https://cdn.prod.website-files.com/68791e956444d53d9ef94535/688a95c9813b981b9c7a9f6e_FUA.jpg,https://cdn.prod.website-files.com/68791e956444d53d9ef94535/68791ee681288c94bf00a669_69.pdf,https://www.daikin.co.uk/en_gb/products/product.html/FUA-A.html,yes
Daikin,Advance,Under Ceiling,FUA100A*,Daikin Standard,N/A,9.5,10.8,198,950,950,100,1368,34,902.88,White,#FDFDFD,RZASG100MV ,3/8 Inch (9.53mm),5/8 Inch (15.88mm),https://cdn.prod.website-files.com/68791e956444d53d9ef94535/688a95c9813b981b9c7a9f6e_FUA.jpg,https://cdn.prod.website-files.com/68791e956444d53d9ef94535/68791ee681288c94bf00a669_69.pdf,https://www.daikin.co.uk/en_gb/products/product.html/FUA-A.html,no
Daikin,Advance,Under Ceiling,FUA125A*,Daikin Standard,N/A,12.1,13.5,198,950,950,100,1524,34,1005.84,White,#FDFDFD,RZASG125MV ,3/8 Inch (9.53mm),5/8 Inch (15.88mm),https://cdn.prod.website-files.com/68791e956444d53d9ef94535/688a95c9813b981b9c7a9f6e_FUA.jpg,https://cdn.prod.website-files.com/68791e956444d53d9ef94535/68791ee681288c94bf00a669_69.pdf,https://www.daikin.co.uk/en_gb/products/product.html/FUA-A.html,no
Fujitsu,Economy Plus,Wall Mounted,ASEH07KMCG,Fujitsu Standard,N/A,2,2.5,270,834,215,100,337,50,168.50,White,#FDFDFD,AOEH07KMCG,1/4 Inch (6.35mm),3/8 Inch (9.53mm),https://cdn.prod.website-files.com/68791e956444d53d9ef94535/688a975233464be259b98255_ASEH0-KMCG-KGTG.jpg,https://cdn.prod.website-files.com/68791e956444d53d9ef94535/687a49b9f40b131745622506_5.pdf,https://webstore.uk.fujitsu-general.com/ASYG07KGTE,yes
Fujitsu,Economy Plus,Wall Mounted,ASEH09KMCG,Fujitsu Standard,N/A,2.5,2.8,270,834,215,100,381,50,190.50,White,#FDFDFD,AOEH09KMCG,1/4 Inch (6.35mm),3/8 Inch (9.53mm),https://cdn.prod.website-files.com/68791e956444d53d9ef94535/688a975233464be259b98255_ASEH0-KMCG-KGTG.jpg,https://cdn.prod.website-files.com/68791e956444d53d9ef94535/687a49b9f40b131745622506_5.pdf,https://webstore.uk.fujitsu-general.com/ASYG07KGTE,yes
Fujitsu,Economy Plus,Wall Mounted,ASEH12KMCG,Fujitsu Standard,N/A,3.4,4,270,834,215,100,405,50,202.50,White,#FDFDFD,AOEH12KMCG,1/4 Inch (6.35mm),3/8 Inch (9.53mm),https://cdn.prod.website-files.com/68791e956444d53d9ef94535/688a975233464be259b98255_ASEH0-KMCG-KGTG.jpg,https://cdn.prod.website-files.com/68791e956444d53d9ef94535/687a49b9f40b131745622506_5.pdf,https://webstore.uk.fujitsu-general.com/ASYG07KGTE,yes
Fujitsu,Economy Plus,Wall Mounted,ASEH014MCG,Fujitsu Standard,N/A,4.2,5.4,270,834,215,100,482,50,241.00,White,#FDFDFD,AOEH14KMCG,1/4 Inch (6.35mm),3/8 Inch (9.53mm),https://cdn.prod.website-files.com/68791e956444d53d9ef94535/688a975233464be259b98255_ASEH0-KMCG-KGTG.jpg,https://cdn.prod.website-files.com/68791e956444d53d9ef94535/687a49b9f40b131745622506_5.pdf,https://webstore.uk.fujitsu-general.com/ASYG07KGTE,yes
Fujitsu,Standard Range,Wall Mounted,ASEG18KMTE,Fujitsu Standard,N/A,5.2,6.3,280,980,240,100,649,50,324.50,White,#FDFDFD,AOEG18KMTA,1/4 Inch (6.35mm),1/2 Inch (12.7mm),https://cdn.prod.website-files.com/68791e956444d53d9ef94535/688a975277042d799bd78445_ASEH30KMTB.jpg,https://cdn.prod.website-files.com/68791e956444d53d9ef94535/687a49b9f9598317e76d391d_6.pdf,https://webstore.uk.fujitsu-general.com/ASYG18KMTE,yes
Fujitsu,Standard Range,Wall Mounted,ASEG24KMTE,Fujitsu Standard,N/A,7.1,8,280,980,240,100,942,50,471.00,White,#FDFDFD,AOEG24KMTA ,1/4 Inch (6.35mm),1/2 Inch (12.7mm),https://cdn.prod.website-files.com/68791e956444d53d9ef94535/688a975277042d799bd78445_ASEH30KMTB.jpg,https://cdn.prod.website-files.com/68791e956444d53d9ef94535/687a49b9f9598317e76d391d_6.pdf,https://webstore.uk.fujitsu-general.com/ASYG24KMTE,yes
Fujitsu,Standard Range,Wall Mounted,ASEH30KMTB,Fujitsu Standard,N/A,8,10.1,340,1150,280,100,1240,50,620.00,White,#FDFDFD,AOEH30KMTB ,3/8 Inch (9.53mm),5/8 Inch (15.88mm),https://cdn.prod.website-files.com/68791e956444d53d9ef94535/688a975277042d799bd78445_ASEH30KMTB.jpg,https://cdn.prod.website-files.com/68791e956444d53d9ef94535/687a49b9f9598317e76d391d_6.pdf,https://webstore.uk.fujitsu-general.com/ASYH30KMTB,no
Fujitsu,Standard Range,Wall Mounted,ASEH36KMTB,Fujitsu Standard,N/A,9.4,8.8,340,1150,280,100,1233,50,616.50,White,#FDFDFD,AOEH36KMTB,3/8 Inch (9.53mm),5/8 Inch (15.88mm),https://cdn.prod.website-files.com/68791e956444d53d9ef94535/688a975277042d799bd78445_ASEH30KMTB.jpg,https://cdn.prod.website-files.com/68791e956444d53d9ef94535/687a49b9f9598317e76d391d_6.pdf,https://webstore.uk.fujitsu-general.com/ASYH36KMTB,no
Fujitsu,Standard Range,Wall Mounted,ASEH07KMCG-B,Fujitsu Standard,N/A,2,2.5,270,834,215,100,401,50,200.50,Black,#1B262C,AOEH07KMCG ,1/4 Inch (6.35mm),3/8 Inch (9.53mm),https://cdn.prod.website-files.com/68791e956444d53d9ef94535/688a9752f58dabd4b26e9852_ASEH30KMTB-BLACK.jpg,https://cdn.prod.website-files.com/68791e956444d53d9ef94535/687a49b9f9598317e76d391d_6.pdf,https://webstore.uk.fujitsu-general.com/ASYG07KGTE,yes
Fujitsu,Standard Range,Wall Mounted,ASEH09KMCG-B,Fujitsu Standard,N/A,2.5,2.8,270,834,215,100,446,50,223.00,Black,#1B262C,AOEH09KMCG ,1/4 Inch (6.35mm),3/8 Inch (9.53mm),https://cdn.prod.website-files.com/68791e956444d53d9ef94535/688a9752f58dabd4b26e9852_ASEH30KMTB-BLACK.jpg,https://cdn.prod.website-files.com/68791e956444d53d9ef94535/687a49b9f9598317e76d391d_6.pdf,https://webstore.uk.fujitsu-general.com/ASYG07KGTE,yes
Fujitsu,Standard Range,Wall Mounted,ASEH12KMCG-B,Fujitsu Standard,N/A,3.4,4,270,834,215,100,470,50,235.00,Black,#1B262C,AOEH12KMCG ,1/4 Inch (6.35mm),3/8 Inch (9.53mm),https://cdn.prod.website-files.com/68791e956444d53d9ef94535/688a9752f58dabd4b26e9852_ASEH30KMTB-BLACK.jpg,https://cdn.prod.website-files.com/68791e956444d53d9ef94535/687a49b9f9598317e76d391d_6.pdf,https://webstore.uk.fujitsu-general.com/ASYG07KGTE,yes
Fujitsu,Standard Range,Wall Mounted,ASEH014MCG-B,Fujitsu Standard,N/A,4.2,5.4,270,834,215,100,551,50,275.50,Black,#1B262C,AOEH14KMCG,1/4 Inch (6.35mm),3/8 Inch (9.53mm),https://cdn.prod.website-files.com/68791e956444d53d9ef94535/688a9752f58dabd4b26e9852_ASEH30KMTB-BLACK.jpg,https://cdn.prod.website-files.com/68791e956444d53d9ef94535/687a49b9f9598317e76d391d_6.pdf,https://webstore.uk.fujitsu-general.com/ASYG07KGTE,yes
Fujitsu,High-Grade Range,Wall Mounted,ASEH09KHCBN,Fujitsu Premium,N/A,2.5,2.8,295,894,280,100,713,50,356.50,White,#FDFDFD,AOEH09KHCBN,1/4 Inch (6.35mm),3/8 Inch (9.53mm),https://cdn.prod.website-files.com/68791e956444d53d9ef94535/688a975233464be259b98255_ASEH0-KMCG-KGTG.jpg,https://cdn.prod.website-files.com/68791e956444d53d9ef94535/687a49b905518feb13a19964_7.pdf,https://webstore.uk.fujitsu-general.com/ASYG07KGTE,yes
Fujitsu,High-Grade Range,Wall Mounted,ASEH12KHCBN,Fujitsu Premium,N/A,3.4,4,295,894,280,100,723,50,361.50,White,#FDFDFD,AOEH12KHCBN,1/4 Inch (6.35mm),3/8 Inch (9.53mm),https://cdn.prod.website-files.com/68791e956444d53d9ef94535/688a975233464be259b98255_ASEH0-KMCG-KGTG.jpg,https://cdn.prod.website-files.com/68791e956444d53d9ef94535/687a49b905518feb13a19964_7.pdf,https://webstore.uk.fujitsu-general.com/ASYG07KGTE,yes
Fujitsu,High-Grade Range,Wall Mounted,ASEH14KHCBN,Fujitsu Premium,N/A,4.2,5.4,295,894,280,100,733,50,366.50,White,#FDFDFD,AOEH14KHCBN,1/4 Inch (6.35mm),3/8 Inch (9.53mm),https://cdn.prod.website-files.com/68791e956444d53d9ef94535/688a975233464be259b98255_ASEH0-KMCG-KGTG.jpg,https://cdn.prod.website-files.com/68791e956444d53d9ef94535/687a49b905518feb13a19964_7.pdf,https://webstore.uk.fujitsu-general.com/ASYG07KGTE,yes
Fujitsu,High-Grade Range,Wall Mounted,ASEH09KHCBN-B,Fujitsu Premium,N/A,2.5,2.8,295,894,280,100,713,50,356.50,Black,#1B262C,AOEH09KHCBN,1/4 Inch (6.35mm),3/8 Inch (9.53mm),https://cdn.prod.website-files.com/68791e956444d53d9ef94535/688a975233464be259b98255_ASEH0-KMCG-KGTG.jpg,https://cdn.prod.website-files.com/68791e956444d53d9ef94535/687a49b905518feb13a19964_7.pdf,https://webstore.uk.fujitsu-general.com/ASYG07KGTE,yes
Fujitsu,High-Grade Range,Wall Mounted,ASEH12KHCBN-B,Fujitsu Premium,N/A,3.4,4,295,894,280,100,723,50,361.50,Black,#1B262C,AOEH12KHCBN,1/4 Inch (6.35mm),3/8 Inch (9.53mm),https://cdn.prod.website-files.com/68791e956444d53d9ef94535/688a975233464be259b98255_ASEH0-KMCG-KGTG.jpg,https://cdn.prod.website-files.com/68791e956444d53d9ef94535/687a49b905518feb13a19964_7.pdf,https://webstore.uk.fujitsu-general.com/ASYG07KGTE,yes
Fujitsu,High-Grade Range,Wall Mounted,ASEH14KHCBN-B,Fujitsu Premium,N/A,4.2,5.4,295,894,280,100,733,50,366.50,Black,#1B262C,AOEH14KHCBN,1/4 Inch (6.35mm),3/8 Inch (9.53mm),https://cdn.prod.website-files.com/68791e956444d53d9ef94535/688a975233464be259b98255_ASEH0-KMCG-KGTG.jpg,https://cdn.prod.website-files.com/68791e956444d53d9ef94535/687a49b905518feb13a19964_7.pdf,https://webstore.uk.fujitsu-general.com/ASYG07KGTE,yes
Fujitsu,Economy Range,Ceiling Cassette,AUXG09KVLA,Fujitsu Standard,N/A,2.5,3.2,245,570,570,100,548,50,274.00,White,#FDFDFD,AOEG09KATA ,1/4 Inch (6.35mm),3/8 Inch (9.53mm),https://cdn.prod.website-files.com/68791e956444d53d9ef94535/688a97529cc56e22f466d05a_ASEH--KGTG_AUXG--KVLA.png,https://cdn.prod.website-files.com/68791e956444d53d9ef94535/687a49b9d9f1775feab5628a_8.pdf,https://webstore.uk.fujitsu-general.com/AUXG09KVLA,yes
Fujitsu,Economy Range,Ceiling Cassette,AUXG12KVLA ,Fujitsu Standard,N/A,3.5,4.1,245,570,570,100,584,50,292.00,White,#FDFDFD,AOEG12KATA ,1/4 Inch (6.35mm),3/8 Inch (9.53mm),https://cdn.prod.website-files.com/68791e956444d53d9ef94535/688a97529cc56e22f466d05a_ASEH--KGTG_AUXG--KVLA.png,https://cdn.prod.website-files.com/68791e956444d53d9ef94535/687a49b9d9f1775feab5628a_8.pdf,https://webstore.uk.fujitsu-general.com/AUXG12KVLA,yes
Fujitsu,Economy Range,Ceiling Cassette,AUXG14KVLA,Fujitsu Standard,N/A,4.3,5,245,570,570,100,637,50,318.50,White,#FDFDFD,AOEG14KATA,1/4 Inch (6.35mm),3/8 Inch (9.53mm),https://cdn.prod.website-files.com/68791e956444d53d9ef94535/688a97529cc56e22f466d05a_ASEH--KGTG_AUXG--KVLA.png,https://cdn.prod.website-files.com/68791e956444d53d9ef94535/687a49b9d9f1775feab5628a_8.pdf,https://webstore.uk.fujitsu-general.com/AUXG14KVLA,yes
Fujitsu,Economy Range,Ceiling Cassette,AUXG18KVLA ,Fujitsu Standard,N/A,5.2,6,245,570,570,100,713,50,356.50,White,#FDFDFD,AOEG18KATA ,1/4 Inch (6.35mm),1/2 Inch (12.7mm),https://cdn.prod.website-files.com/68791e956444d53d9ef94535/688a97529cc56e22f466d05a_ASEH--KGTG_AUXG--KVLA.png,https://cdn.prod.website-files.com/68791e956444d53d9ef94535/687a49b9d9f1775feab5628a_8.pdf,https://webstore.uk.fujitsu-general.com/AUXG18KVLA,yes
Fujitsu,Economy Range,Ceiling Cassette,AUXG22KVLA ,Fujitsu Standard,N/A,6,7,245,570,570,100,732,50,366.00,White,#FDFDFD,AOEG22KATA ,1/4 Inch (6.35mm),1/2 Inch (12.7mm),https://cdn.prod.website-files.com/68791e956444d53d9ef94535/688a97529cc56e22f466d05a_ASEH--KGTG_AUXG--KVLA.png,https://cdn.prod.website-files.com/68791e956444d53d9ef94535/687a49b9d9f1775feab5628a_8.pdf,https://webstore.uk.fujitsu-general.com/AUXG22KVLA,yes
Fujitsu,Economy Range,Ceiling Cassette,AUXG24KVLA,Fujitsu Standard,N/A,6.8,7.5,245,570,570,100,801,50,400.50,White,#FDFDFD,AOEG24KATA,1/4 Inch (6.35mm),1/2 Inch (12.7mm),https://cdn.prod.website-files.com/68791e956444d53d9ef94535/688a97529cc56e22f466d05a_ASEH--KGTG_AUXG--KVLA.png,https://cdn.prod.website-files.com/68791e956444d53d9ef94535/687a49b9d9f1775feab5628a_8.pdf,https://webstore.uk.fujitsu-general.com/AUXG24KVLA,yes
Fujitsu,Standard Range,Ceiling Cassette,AUXG09KVLA*,Fujitsu Standard,N/A,2.5,3.2,245,570,570,100,548,50,274.00,White,#FDFDFD,AOEG09KBTB ,1/4 Inch (6.35mm),3/8 Inch (9.53mm),https://cdn.prod.website-files.com/68791e956444d53d9ef94535/688a97529cc56e22f466d05a_ASEH--KGTG_AUXG--KVLA.png,https://cdn.prod.website-files.com/68791e956444d53d9ef94535/687a49b95beaadb461813ceb_9.pdf,https://webstore.uk.fujitsu-general.com/AUXG09KVLA,yes
Fujitsu,Standard Range,Ceiling Cassette,AUXG12KVLA*,Fujitsu Standard,N/A,3.5,4.1,245,570,570,100,584,50,292.00,White,#FDFDFD,AOEG12KBTB ,1/4 Inch (6.35mm),3/8 Inch (9.53mm),https://cdn.prod.website-files.com/68791e956444d53d9ef94535/688a97529cc56e22f466d05a_ASEH--KGTG_AUXG--KVLA.png,https://cdn.prod.website-files.com/68791e956444d53d9ef94535/687a49b95beaadb461813ceb_9.pdf,https://webstore.uk.fujitsu-general.com/AUXG12KVLA,yes
Fujitsu,Standard Range,Ceiling Cassette,AUXG14KVLA*,Fujitsu Standard,N/A,4.3,5,245,570,570,100,637,50,318.50,White,#FDFDFD,AOEG14KBTB,1/4 Inch (6.35mm),3/8 Inch (9.53mm),https://cdn.prod.website-files.com/68791e956444d53d9ef94535/688a97529cc56e22f466d05a_ASEH--KGTG_AUXG--KVLA.png,https://cdn.prod.website-files.com/68791e956444d53d9ef94535/687a49b95beaadb461813ceb_9.pdf,https://webstore.uk.fujitsu-general.com/AUXG14KVLA,yes
Fujitsu,Standard Range,Ceiling Cassette,AUXG18KVLA*,Fujitsu Standard,N/A,5.2,6,245,570,570,100,713,50,356.50,White,#FDFDFD,AOEG18KBTB,1/4 Inch (6.35mm),1/2 Inch (12.7mm),https://cdn.prod.website-files.com/68791e956444d53d9ef94535/688a97529cc56e22f466d05a_ASEH--KGTG_AUXG--KVLA.png,https://cdn.prod.website-files.com/68791e956444d53d9ef94535/687a49b95beaadb461813ceb_9.pdf,https://webstore.uk.fujitsu-general.com/AUXG18KVLA,yes
Fujitsu,Standard Range,Ceiling Cassette,AUXG22KVLA*,Fujitsu Standard,N/A,6,7,245,570,570,100,732,50,366.00,White,#FDFDFD,AOEG22KBTB,1/4 Inch (6.35mm),1/2 Inch (12.7mm),https://cdn.prod.website-files.com/68791e956444d53d9ef94535/688a97529cc56e22f466d05a_ASEH--KGTG_AUXG--KVLA.png,https://cdn.prod.website-files.com/68791e956444d53d9ef94535/687a49b95beaadb461813ceb_9.pdf,https://webstore.uk.fujitsu-general.com/AUXG22KVLA,yes
Fujitsu,Standard Range,Ceiling Cassette,AUXG24KVLA*,Fujitsu Standard,N/A,6.8,7.5,245,570,570,100,801,50,400.50,White,#FDFDFD,AOEG24KBTB,1/4 Inch (6.35mm),1/2 Inch (12.7mm),https://cdn.prod.website-files.com/68791e956444d53d9ef94535/688a97529cc56e22f466d05a_ASEH--KGTG_AUXG--KVLA.png,https://cdn.prod.website-files.com/68791e956444d53d9ef94535/687a49b95beaadb461813ceb_9.pdf,https://webstore.uk.fujitsu-general.com/AUXG24KVLA,yes
Fujitsu,Economy Range,Ceiling Cassette,AUXG18KRLB,Fujitsu Standard,N/A,5.2,6,246,840,840,100,748,50,374.00,White,#FDFDFD,AOEG18KATA,1/4 Inch (6.35mm),1/2 Inch (12.7mm),https://cdn.prod.website-files.com/68791e956444d53d9ef94535/688a9752be5af1470cb84d97_AUXG--KRLB.png,https://cdn.prod.website-files.com/68791e956444d53d9ef94535/687a49b9232d87e72f87ef96_10.pdf,https://webstore.uk.fujitsu-general.com/AUXG18KRLB,yes
Fujitsu,Economy Range,Ceiling Cassette,AUXG22KRLB,Fujitsu Standard,N/A,6,7,246,840,840,100,821,50,410.50,White,#FDFDFD,AOEG22KATA,1/4 Inch (6.35mm),1/2 Inch (12.7mm),https://cdn.prod.website-files.com/68791e956444d53d9ef94535/688a9752be5af1470cb84d97_AUXG--KRLB.png,https://cdn.prod.website-files.com/68791e956444d53d9ef94535/687a49b9232d87e72f87ef96_10.pdf,https://webstore.uk.fujitsu-general.com/AUXG22KRLB,yes
Fujitsu,Economy Range,Ceiling Cassette,AUXG24KRLB,Fujitsu Standard,N/A,6.8,7.5,246,840,840,100,902,50,451.00,White,#FDFDFD,AOEG24KATA,1/4 Inch (6.35mm),1/2 Inch (12.7mm),https://cdn.prod.website-files.com/68791e956444d53d9ef94535/688a9752be5af1470cb84d97_AUXG--KRLB.png,https://cdn.prod.website-files.com/68791e956444d53d9ef94535/687a49b9232d87e72f87ef96_10.pdf,https://webstore.uk.fujitsu-general.com/AUXG24KRLB,yes
Fujitsu,Economy Range,Ceiling Cassette,AUXG30KRLB,Fujitsu Standard,N/A,8.5,10,288,840,840,100,914,50,457.00,White,#FDFDFD,AOEG30KATA,3/8 Inch (9.53mm),5/8 Inch (15.88mm),https://cdn.prod.website-files.com/68791e956444d53d9ef94535/688a9752be5af1470cb84d97_AUXG--KRLB.png,https://cdn.prod.website-files.com/68791e956444d53d9ef94535/687a49b9232d87e72f87ef96_10.pdf,https://webstore.uk.fujitsu-general.com/AUXG30KRLB,no
Fujitsu,Economy Range,Ceiling Cassette,AUXG36KRLB,Fujitsu Standard,N/A,9.5,10.8,288,840,840,100,1000,50,500.00,White,#FDFDFD,AOEG36KATA,3/8 Inch (9.53mm),5/8 Inch (15.88mm),https://cdn.prod.website-files.com/68791e956444d53d9ef94535/688a9752be5af1470cb84d97_AUXG--KRLB.png,https://cdn.prod.website-files.com/68791e956444d53d9ef94535/687a49b9232d87e72f87ef96_10.pdf,https://webstore.uk.fujitsu-general.com/AUXG36KRLB,no
Fujitsu,Economy Range,Ceiling Cassette,AUXG45KRLB,Fujitsu Standard,N/A,12.1,13.5,288,840,840,100,1188,50,594.00,White,#FDFDFD,AOEG45KATA ,3/8 Inch (9.53mm),5/8 Inch (15.88mm),https://cdn.prod.website-files.com/68791e956444d53d9ef94535/688a9752be5af1470cb84d97_AUXG--KRLB.png,https://cdn.prod.website-files.com/68791e956444d53d9ef94535/687a49b9232d87e72f87ef96_10.pdf,https://webstore.uk.fujitsu-general.com/AUXG45KRLB,no
Fujitsu,Economy Range,Ceiling Cassette,AUXG54KRLB,Fujitsu Standard,N/A,13.4,15.5,288,840,840,100,1781,50,890.50,White,#FDFDFD,AOEG54KATA ,3/8 Inch (9.53mm),5/8 Inch (15.88mm),https://cdn.prod.website-files.com/68791e956444d53d9ef94535/688a9752be5af1470cb84d97_AUXG--KRLB.png,https://cdn.prod.website-files.com/68791e956444d53d9ef94535/687a49b9232d87e72f87ef96_10.pdf,https://webstore.uk.fujitsu-general.com/AUXG54KRLB,no
Fujitsu,Standard Range,Ceiling Cassette,AUXG18KRLB*,Fujitsu Standard,N/A,5.2,6,246,840,840,100,748,50,374.00,White,#FDFDFD,AOEG18KBTB,1/4 Inch (6.35mm),1/2 Inch (12.7mm),https://cdn.prod.website-files.com/68791e956444d53d9ef94535/688a9752be5af1470cb84d97_AUXG--KRLB.png,https://cdn.prod.website-files.com/68791e956444d53d9ef94535/687a49b9a11437f891e1302c_11.pdf,https://webstore.uk.fujitsu-general.com/AUXG18KRLB,yes
Fujitsu,Standard Range,Ceiling Cassette,AUXG22KRLB*,Fujitsu Standard,N/A,6,7,246,840,840,100,821,50,410.50,White,#FDFDFD,AOEG22KBTB,1/4 Inch (6.35mm),1/2 Inch (12.7mm),https://cdn.prod.website-files.com/68791e956444d53d9ef94535/688a9752be5af1470cb84d97_AUXG--KRLB.png,https://cdn.prod.website-files.com/68791e956444d53d9ef94535/687a49b9a11437f891e1302c_11.pdf,https://webstore.uk.fujitsu-general.com/AUXG22KRLB,yes
Fujitsu,Standard Range,Ceiling Cassette,AUXG24KRLB*,Fujitsu Standard,N/A,6.8,7.5,246,840,840,100,902,50,451.00,White,#FDFDFD,AOEG24KBTB,1/4 Inch (6.35mm),1/2 Inch (12.7mm),https://cdn.prod.website-files.com/68791e956444d53d9ef94535/688a9752be5af1470cb84d97_AUXG--KRLB.png,https://cdn.prod.website-files.com/68791e956444d53d9ef94535/687a49b9a11437f891e1302c_11.pdf,https://webstore.uk.fujitsu-general.com/AUXG24KRLB,yes
Fujitsu,Standard Range,Ceiling Cassette,AUXG30KRLB*,Fujitsu Standard,N/A,8.5,10,288,840,840,100,914,50,457.00,White,#FDFDFD,AOEG30KBTB,3/8 Inch (9.53mm),5/8 Inch (15.88mm),https://cdn.prod.website-files.com/68791e956444d53d9ef94535/688a9752be5af1470cb84d97_AUXG--KRLB.png,https://cdn.prod.website-files.com/68791e956444d53d9ef94535/687a49b9a11437f891e1302c_11.pdf,https://webstore.uk.fujitsu-general.com/AUXG30KRLB,no
Fujitsu,Standard Range,Ceiling Cassette,AUXG36KRLB*,Fujitsu Standard,N/A,9.5,10.8,288,840,840,100,1000,50,500.00,White,#FDFDFD,AOEG36KBTB,3/8 Inch (9.53mm),5/8 Inch (15.88mm),https://cdn.prod.website-files.com/68791e956444d53d9ef94535/688a9752be5af1470cb84d97_AUXG--KRLB.png,https://cdn.prod.website-files.com/68791e956444d53d9ef94535/687a49b9a11437f891e1302c_11.pdf,https://webstore.uk.fujitsu-general.com/AUXG36KRLB,no
Fujitsu,Standard Range,Ceiling Cassette,AUXG45KRLB*,Fujitsu Standard,N/A,12.1,13.5,288,840,840,100,1188,50,594.00,White,#FDFDFD,AOEG45KBTB ,3/8 Inch (9.53mm),5/8 Inch (15.88mm),https://cdn.prod.website-files.com/68791e956444d53d9ef94535/688a9752be5af1470cb84d97_AUXG--KRLB.png,https://cdn.prod.website-files.com/68791e956444d53d9ef94535/687a49b9a11437f891e1302c_11.pdf,https://webstore.uk.fujitsu-general.com/AUXG45KRLB,no
Fujitsu,Standard Range,Ceiling Cassette,AUXG54KRLB*,Fujitsu Standard,N/A,13.4,15.5,288,840,840,100,1781,50,890.50,White,#FDFDFD,AOEG54KBTB ,3/8 Inch (9.53mm),5/8 Inch (15.88mm),https://cdn.prod.website-files.com/68791e956444d53d9ef94535/688a9752be5af1470cb84d97_AUXG--KRLB.png,https://cdn.prod.website-files.com/68791e956444d53d9ef94535/687a49b9a11437f891e1302c_11.pdf,https://webstore.uk.fujitsu-general.com/AUXG54KRLB,no
Fujitsu,Economy Range,Ducted Up to 1 - 2m,ARXG07KSLAP,Multisplit Only,N/A,2,2.5,198,700,450,100,786,50,393.00,Silver,#B0B0B0,AOEG54KBTB ,1/4 Inch (6.35mm),3/8 Inch (9.53mm),https://cdn.prod.website-files.com/68791e956444d53d9ef94535/6998308ccad858ab1824a5c6_Fujitsu%20Mini%20Ducted%20Unit%202.0kW.png,https://cdn.prod.website-files.com/68791e956444d53d9ef94535/69982f88739c3a0b5e49b0bb_fujitsu%202025%20condensed%20price%20list%20_%20final%20_250325_single%20(dragged).pdf,https://webstore.uk.fujitsu-general.com/2-5kw-mini-ducted-indoor-unit-r32-arxg09kslap,yes
Fujitsu,Economy Range,Ducted Up to 1 - 2m,ARXG09KSLAP,Multisplit Only,N/A,2.5,3.2,198,700,450,100,802,50,401.00,Silver,#B0B0B0,AOEG54KBTB ,1/4 Inch (6.35mm),3/8 Inch (9.53mm),https://cdn.prod.website-files.com/68791e956444d53d9ef94535/6998308ccad858ab1824a5c6_Fujitsu%20Mini%20Ducted%20Unit%202.0kW.png,https://cdn.prod.website-files.com/68791e956444d53d9ef94535/69982f88739c3a0b5e49b0bb_fujitsu%202025%20condensed%20price%20list%20_%20final%20_250325_single%20(dragged).pdf,https://webstore.uk.fujitsu-general.com/2-5kw-mini-ducted-indoor-unit-r32-arxg09kslap,yes
Fujitsu,Economy Range,Ducted Up to 1 - 2m,ARXG12KSLAP,Multisplit Only,N/A,3.5,4.1,198,700,450,100,975,50,487.50,Silver,#B0B0B0,AOEG54KBTB ,1/4 Inch (6.35mm),3/8 Inch (9.53mm),https://cdn.prod.website-files.com/68791e956444d53d9ef94535/6998308ccad858ab1824a5c6_Fujitsu%20Mini%20Ducted%20Unit%202.0kW.png,https://cdn.prod.website-files.com/68791e956444d53d9ef94535/69982f88739c3a0b5e49b0bb_fujitsu%202025%20condensed%20price%20list%20_%20final%20_250325_single%20(dragged).pdf,https://webstore.uk.fujitsu-general.com/3-5kw-mini-ducted-indoor-unit-r32-arxg12kslap,yes
Fujitsu,Economy Range,Ducted Up to 1 - 2m,ARXG14KSLAP,Multisplit Only,N/A,4,5,198,700,450,100,1075,50,537.50,Silver,#B0B0B0,AOEG54KBTB ,1/4 Inch (6.35mm),3/8 Inch (9.53mm),https://cdn.prod.website-files.com/68791e956444d53d9ef94535/6998308ccad858ab1824a5c6_Fujitsu%20Mini%20Ducted%20Unit%202.0kW.png,https://cdn.prod.website-files.com/68791e956444d53d9ef94535/69982f88739c3a0b5e49b0bb_fujitsu%202025%20condensed%20price%20list%20_%20final%20_250325_single%20(dragged).pdf,https://webstore.uk.fujitsu-general.com/4-3kw-mini-ducted-indoor-unit-r32-arxg14kslap,yes
Fujitsu,Economy Range,Ducted Up to 1 - 2m,ARXG18KSLAP,Multisplit Only,N/A,4.8,6,198,900,450,100,1076,50,538.00,Silver,#B0B0B0,AOEG54KBTB ,1/4 Inch (6.35mm),3/8 Inch (9.53mm),https://cdn.prod.website-files.com/68791e956444d53d9ef94535/6998308ccad858ab1824a5c6_Fujitsu%20Mini%20Ducted%20Unit%202.0kW.png,https://cdn.prod.website-files.com/68791e956444d53d9ef94535/69982f88739c3a0b5e49b0bb_fujitsu%202025%20condensed%20price%20list%20_%20final%20_250325_single%20(dragged).pdf,https://webstore.uk.fujitsu-general.com/4-8kw-mini-ducted-indoor-unit-r32-arxg18kslap,yes
Fujitsu,Economy Range,Ducted Up to 1 - 2m,ARXG07KLLAP,Multisplit Only,N/A,2,2.5,198,700,620,100,668,50,334.00,Silver,#B0B0B0,AOEG54KBTB ,1/4 Inch (6.35mm),3/8 Inch (9.53mm),https://cdn.prod.website-files.com/68791e956444d53d9ef94535/6998308ccad858ab1824a5c6_Fujitsu%20Mini%20Ducted%20Unit%202.0kW.png,https://cdn.prod.website-files.com/68791e956444d53d9ef94535/69982f88739c3a0b5e49b0bb_fujitsu%202025%20condensed%20price%20list%20_%20final%20_250325_single%20(dragged).pdf,https://webstore.uk.fujitsu-general.com/2-0kw-slim-ducted-indoor-unit-r32-arxg07kllap,yes
Fujitsu,Economy Range,Ducted Up to 1 - 2m,ARXG09KLLAP ,Fujitsu Standard,N/A,2.5,3.2,198,700,620,100,655,50,327.50,Silver,#B0B0B0,AOEG09KATA ,1/4 Inch (6.35mm),3/8 Inch (9.53mm),https://cdn.prod.website-files.com/68791e956444d53d9ef94535/688a9752d3c1b119b95f6002_ARXG--KLLAP.png,https://cdn.prod.website-files.com/68791e956444d53d9ef94535/687a49b9ec181e0ae00a1cab_12.pdf,https://webstore.uk.fujitsu-general.com/AOYG09KATA,yes
Fujitsu,Economy Range,Ducted Up to 1 - 2m,ARXG12KLLAP,Fujitsu Standard,N/A,3.5,4.1,198,700,620,100,729,50,364.50,Silver,#B0B0B0,AOEG12KATA,1/4 Inch (6.35mm),3/8 Inch (9.53mm),https://cdn.prod.website-files.com/68791e956444d53d9ef94535/688a9752d3c1b119b95f6002_ARXG--KLLAP.png,https://cdn.prod.website-files.com/68791e956444d53d9ef94535/687a49b9ec181e0ae00a1cab_12.pdf,https://webstore.uk.fujitsu-general.com/AOYG12KATA,yes
Fujitsu,Economy Range,Ducted Up to 1 - 2m,ARXG14KLLAP ,Fujitsu Standard,N/A,4.3,5,198,700,620,100,870,50,435.00,Silver,#B0B0B0,AOEG14KATA ,1/4 Inch (6.35mm),3/8 Inch (9.53mm),https://cdn.prod.website-files.com/68791e956444d53d9ef94535/688a9752d3c1b119b95f6002_ARXG--KLLAP.png,https://cdn.prod.website-files.com/68791e956444d53d9ef94535/687a49b9ec181e0ae00a1cab_12.pdf,https://webstore.uk.fujitsu-general.com/AOYG14KATA,yes
Fujitsu,Economy Range,Ducted Up to 1 - 2m,ARXG18KLLAP,Fujitsu Standard,N/A,5.2,6,198,900,620,100,951,50,475.50,Silver,#B0B0B0,AOEG18KATA,1/4 Inch (6.35mm),1/2 Inch (12.7mm),https://cdn.prod.website-files.com/68791e956444d53d9ef94535/688a9752d3c1b119b95f6002_ARXG--KLLAP.png,https://cdn.prod.website-files.com/68791e956444d53d9ef94535/687a49b9ec181e0ae00a1cab_12.pdf,https://webstore.uk.fujitsu-general.com/AOYG18KATA,yes
Fujitsu,Standard Range,Ducted Up to 1 - 2m,ARXG09KLLAP*,Fujitsu Standard,N/A,2.5,3.2,198,700,620,100,638,50,319.00,Silver,#B0B0B0,AOEG09KBTB,1/4 Inch (6.35mm),3/8 Inch (9.53mm),https://cdn.prod.website-files.com/68791e956444d53d9ef94535/688a9752d3c1b119b95f6002_ARXG--KLLAP.png,https://cdn.prod.website-files.com/68791e956444d53d9ef94535/687a49b91c30b8cf85f79d51_13.pdf,https://webstore.uk.fujitsu-general.com/AOYG09KATA,yes
Fujitsu,Standard Range,Ducted Up to 1 - 2m,ARXG12KLLAP*,Fujitsu Standard,N/A,3.5,4.1,198,700,620,100,729,50,364.50,Silver,#B0B0B0,AOEG12KBTB,1/4 Inch (6.35mm),3/8 Inch (9.53mm),https://cdn.prod.website-files.com/68791e956444d53d9ef94535/688a9752d3c1b119b95f6002_ARXG--KLLAP.png,https://cdn.prod.website-files.com/68791e956444d53d9ef94535/687a49b91c30b8cf85f79d51_13.pdf,https://webstore.uk.fujitsu-general.com/AOYG12KATA,yes
Fujitsu,Standard Range,Ducted Up to 1 - 2m,ARXG14KLLAP*,Fujitsu Standard,N/A,4.3,5,198,700,620,100,870,50,435.00,Silver,#B0B0B0,AOEG14KBTB,1/4 Inch (6.35mm),3/8 Inch (9.53mm),https://cdn.prod.website-files.com/68791e956444d53d9ef94535/688a9752d3c1b119b95f6002_ARXG--KLLAP.png,https://cdn.prod.website-files.com/68791e956444d53d9ef94535/687a49b91c30b8cf85f79d51_13.pdf,https://webstore.uk.fujitsu-general.com/AOYG14KATA,yes
Fujitsu,Standard Range,Ducted Up to 1 - 2m,ARXG18KLLAP*,Fujitsu Standard,N/A,5.2,6,198,900,620,100,951,50,475.50,Silver,#B0B0B0,AOEG18KBTB,1/4 Inch (6.35mm),1/2 Inch (12.7mm),https://cdn.prod.website-files.com/68791e956444d53d9ef94535/688a9752d3c1b119b95f6002_ARXG--KLLAP.png,https://cdn.prod.website-files.com/68791e956444d53d9ef94535/687a49b91c30b8cf85f79d51_13.pdf,https://webstore.uk.fujitsu-general.com/AOYG18KATA,yes
Fujitsu,Compact & Comfort,Ducted Up to 3 - 8m,ARXG12KHTAP ,Fujitsu Standard,N/A,3.5,4.1,300,700,700,100,908,50,454.00,Silver,#B0B0B0,AOEG12KBTB ,1/4 Inch (6.35mm),3/8 Inch (9.53mm),https://cdn.prod.website-files.com/68791e956444d53d9ef94535/688a9752fce3da4b0568284c_ARXG-18-KHTAP.png,https://cdn.prod.website-files.com/68791e956444d53d9ef94535/687a49b9aeff72fea91d833c_14.pdf,https://webstore.uk.fujitsu-general.com/ARXG12KHTAP,yes
Fujitsu,Compact & Comfort,Ducted Up to 3 - 8m,ARXG14KHTAP ,Fujitsu Standard,N/A,4.3,5,300,700,700,100,914,50,457.00,Silver,#B0B0B0,AOEG14KBTB ,1/4 Inch (6.35mm),3/8 Inch (9.53mm),https://cdn.prod.website-files.com/68791e956444d53d9ef94535/688a9752fce3da4b0568284c_ARXG-18-KHTAP.png,https://cdn.prod.website-files.com/68791e956444d53d9ef94535/687a49b9aeff72fea91d833c_14.pdf,https://webstore.uk.fujitsu-general.com/ARXG14KHTAP,yes
Fujitsu,Compact & Comfort,Ducted Up to 3 - 8m,ARXG18KHTAP,Fujitsu Standard,N/A,5.2,6,300,1000,700,100,993,50,496.50,Silver,#B0B0B0,AOEG18KBTB,1/4 Inch (6.35mm),1/2 Inch (12.7mm),https://cdn.prod.website-files.com/68791e956444d53d9ef94535/688a9752fce3da4b0568284c_ARXG-18-KHTAP.png,https://cdn.prod.website-files.com/68791e956444d53d9ef94535/687a49b9aeff72fea91d833c_14.pdf,https://webstore.uk.fujitsu-general.com/ARXG18KHTAP,yes
Fujitsu,Compact & Comfort,Ducted Up to 3 - 8m,ARXG22KHTAP ,Fujitsu Standard,N/A,6,7,300,1000,700,100,1063,50,531.50,Silver,#B0B0B0,AOEG22KBTB ,1/4 Inch (6.35mm),1/2 Inch (12.7mm),https://cdn.prod.website-files.com/68791e956444d53d9ef94535/688a9752cb2d2abbf6e6bdbd_ARXG-30-KHTAP.png,https://cdn.prod.website-files.com/68791e956444d53d9ef94535/687a49b9aeff72fea91d833c_14.pdf,https://webstore.uk.fujitsu-general.com/ARXG22KHTAP,yes
Fujitsu,Compact & Comfort,Ducted Up to 3 - 8m,ARXG24KHTAP ,Fujitsu Standard,N/A,6.8,7.5,300,1000,700,100,1091,50,545.50,Silver,#B0B0B0,AOEG24KBTB ,1/4 Inch (6.35mm),1/2 Inch (12.7mm),https://cdn.prod.website-files.com/68791e956444d53d9ef94535/688a9752cb2d2abbf6e6bdbd_ARXG-30-KHTAP.png,https://cdn.prod.website-files.com/68791e956444d53d9ef94535/687a49b9aeff72fea91d833c_14.pdf,https://webstore.uk.fujitsu-general.com/ARXG24KHTAP,yes
Fujitsu,Compact & Comfort,Ducted Up to 3 - 8m,ARXG30KHTAP,Fujitsu Standard,N/A,8.5,10,300,1000,700,100,1336,50,668.00,Silver,#B0B0B0,AOEG30KBTB,3/8 Inch (9.53mm),5/8 Inch (15.88mm),https://cdn.prod.website-files.com/68791e956444d53d9ef94535/688a9752cb2d2abbf6e6bdbd_ARXG-30-KHTAP.png,https://cdn.prod.website-files.com/68791e956444d53d9ef94535/687a49b9aeff72fea91d833c_14.pdf,https://webstore.uk.fujitsu-general.com/ARXG30KHTAP,no
Fujitsu,Compact & Comfort,Ducted Up to 3 - 8m,ARXG36KHTAP,Fujitsu Standard,N/A,9.5,10.8,300,1400,700,100,1311,50,655.50,Silver,#B0B0B0,AOEG36KBTB,3/8 Inch (9.53mm),5/8 Inch (15.88mm),https://cdn.prod.website-files.com/68791e956444d53d9ef94535/688a9752889b14a907c7b1e7_ARXG--KHTAP.png,https://cdn.prod.website-files.com/68791e956444d53d9ef94535/687a49b9247ff00dca584aa1_15.pdf,https://webstore.uk.fujitsu-general.com/ARXG36KHTAP,no
Fujitsu,Compact & Comfort,Ducted Up to 3 - 8m,ARXG45KHTAP,Fujitsu Standard,N/A,12.1,13.5,300,1400,700,100,1808,50,904.00,Silver,#B0B0B0,AOEG45KBTB,3/8 Inch (9.53mm),5/8 Inch (15.88mm),https://cdn.prod.website-files.com/68791e956444d53d9ef94535/688a9752889b14a907c7b1e7_ARXG--KHTAP.png,https://cdn.prod.website-files.com/68791e956444d53d9ef94535/687a49b9247ff00dca584aa1_15.pdf,https://webstore.uk.fujitsu-general.com/ARXG45KHTAP,no
Fujitsu,Compact & Comfort,Ducted Up to 3 - 8m,ARXG54KHTAP,Fujitsu Standard,N/A,13.4,15.5,300,1400,700,100,1822,50,911.00,Silver,#B0B0B0,AOEG54KBTB,3/8 Inch (9.53mm),5/8 Inch (15.88mm),https://cdn.prod.website-files.com/68791e956444d53d9ef94535/688a9752889b14a907c7b1e7_ARXG--KHTAP.png,https://cdn.prod.website-files.com/68791e956444d53d9ef94535/687a49b9247ff00dca584aa1_15.pdf,https://webstore.uk.fujitsu-general.com/ARXG54KHTAP,no
Fujitsu,Economy Range,Ducted Up to 3 - 8m,ARXG22KMLB ,Fujitsu Standard,N/A,6,7,270,1135,700,100,924,50,462.00,Silver,#B0B0B0,AOEG22KATA,1/4 Inch (6.35mm),1/2 Inch (12.7mm),https://cdn.prod.website-files.com/68791e956444d53d9ef94535/688a975277042d799bd7842f_ARXG--KMLA.png,https://cdn.prod.website-files.com/68791e956444d53d9ef94535/687a49b9b7dd73f5b3e271d6_16.pdf,https://webstore.uk.fujitsu-general.com/ARXG22KMLA,yes
Fujitsu,Economy Range,Ducted Up to 3 - 8m,ARXG24KMLA,Fujitsu Standard,N/A,6.8,7.5,270,1135,700,100,1162,50,581.00,Silver,#B0B0B0,AOEG24KATA,1/4 Inch (6.35mm),1/2 Inch (12.7mm),https://cdn.prod.website-files.com/68791e956444d53d9ef94535/688a975277042d799bd7842f_ARXG--KMLA.png,https://cdn.prod.website-files.com/68791e956444d53d9ef94535/687a49b9b7dd73f5b3e271d6_16.pdf,https://webstore.uk.fujitsu-general.com/ARXG24KMLA,yes
Fujitsu,Economy Range,Ducted Up to 3 - 8m,ARXG30KMLA,Fujitsu Standard,N/A,8.5,10,270,1135,700,100,1309,50,654.50,Silver,#B0B0B0,AOEG30KATA,3/8 Inch (9.53mm),5/8 Inch (15.88mm),https://cdn.prod.website-files.com/68791e956444d53d9ef94535/688a975277042d799bd7842f_ARXG--KMLA.png,https://cdn.prod.website-files.com/68791e956444d53d9ef94535/687a49b9b7dd73f5b3e271d6_16.pdf,https://webstore.uk.fujitsu-general.com/ARXG30KMLA,no
Fujitsu,Economy Range,Ducted Up to 3 - 8m,ARXG36KMLA,Fujitsu Standard,N/A,9.5,10.8,270,1135,700,100,1474,50,737.00,Silver,#B0B0B0,AOEG36KATA,3/8 Inch (9.53mm),5/8 Inch (15.88mm),https://cdn.prod.website-files.com/68791e956444d53d9ef94535/688a975277042d799bd7842f_ARXG--KMLA.png,https://cdn.prod.website-files.com/68791e956444d53d9ef94535/687a49b9b7dd73f5b3e271d6_16.pdf,https://webstore.uk.fujitsu-general.com/ARXG36KMLA,no
Fujitsu,Economy Range,Ducted Up to 3 - 8m,ARXG45KMLA,Fujitsu Standard,N/A,12.1,13.5,270,1135,700,100,1514,50,757.00,Silver,#B0B0B0,AOEG45KATA,3/8 Inch (9.53mm),5/8 Inch (15.88mm),https://cdn.prod.website-files.com/68791e956444d53d9ef94535/688a975277042d799bd7842f_ARXG--KMLA.png,https://cdn.prod.website-files.com/68791e956444d53d9ef94535/687a49b9b7dd73f5b3e271d6_16.pdf,https://webstore.uk.fujitsu-general.com/ARXG45KMLA,no
Fujitsu,Standard Range,Ducted Up to 3 - 8m,ARXG22KMLB*,Fujitsu Standard,N/A,6,7,270,1135,700,100,924,50,462.00,Silver,#B0B0B0,AOEG22KBTB,1/4 Inch (6.35mm),1/2 Inch (12.7mm),https://cdn.prod.website-files.com/68791e956444d53d9ef94535/688a975277042d799bd7842f_ARXG--KMLA.png,https://cdn.prod.website-files.com/68791e956444d53d9ef94535/687a49b958ec63c318887013_17.pdf,https://webstore.uk.fujitsu-general.com/ARXG24KMLA,yes
Fujitsu,Standard Range,Ducted Up to 3 - 8m,ARXG24KMLA*,Fujitsu Standard,N/A,6.8,7.5,270,1135,700,100,1162,50,581.00,Silver,#B0B0B0,AOEG24KBTB,1/4 Inch (6.35mm),1/2 Inch (12.7mm),https://cdn.prod.website-files.com/68791e956444d53d9ef94535/688a975277042d799bd7842f_ARXG--KMLA.png,https://cdn.prod.website-files.com/68791e956444d53d9ef94535/687a49b958ec63c318887013_17.pdf,https://webstore.uk.fujitsu-general.com/ARXG30KMLA,yes
Fujitsu,Standard Range,Ducted Up to 3 - 8m,ARXG30KMLA*,Fujitsu Standard,N/A,8.5,10,270,1135,700,100,1309,50,654.50,Silver,#B0B0B0,AOEG30KBTB,3/8 Inch (9.53mm),5/8 Inch (15.88mm),https://cdn.prod.website-files.com/68791e956444d53d9ef94535/688a975277042d799bd7842f_ARXG--KMLA.png,https://cdn.prod.website-files.com/68791e956444d53d9ef94535/687a49b958ec63c318887013_17.pdf,https://webstore.uk.fujitsu-general.com/ARXG36KMLA,no
Fujitsu,Standard Range,Ducted Up to 3 - 8m,ARXG36KMLA*,Fujitsu Standard,N/A,9.5,10.8,270,1135,700,100,1474,50,737.00,Silver,#B0B0B0,AOEG36KBTB,3/8 Inch (9.53mm),5/8 Inch (15.88mm),https://cdn.prod.website-files.com/68791e956444d53d9ef94535/688a975277042d799bd7842f_ARXG--KMLA.png,https://cdn.prod.website-files.com/68791e956444d53d9ef94535/687a49b958ec63c318887013_17.pdf,https://webstore.uk.fujitsu-general.com/ARXG45KMLA,no
Fujitsu,Standard Range,Ducted Up to 3 - 8m,ARXG45KMLA*,Fujitsu Standard,N/A,12.1,13.5,270,1135,700,100,1514,50,757.00,Silver,#B0B0B0,AOEG45KBTB,3/8 Inch (9.53mm),5/8 Inch (15.88mm),https://cdn.prod.website-files.com/68791e956444d53d9ef94535/688a975277042d799bd7842f_ARXG--KMLA.png,https://cdn.prod.website-files.com/68791e956444d53d9ef94535/687a49b958ec63c318887013_17.pdf,https://webstore.uk.fujitsu-general.com/ARXG45KMLA,no
Fujitsu,High Static,Ducted Up to 9 - 12m,ARXG45KHTB,Fujitsu Standard,N/A,12.1,13.5,400,1050,500,100,1968,50,984.00,Silver,#B0B0B0,AOEG45KBTB,3/8 Inch (9.53mm),5/8 Inch (15.88mm),https://cdn.prod.website-files.com/68791e956444d53d9ef94535/688a97514778afa4ffa90fed_ARXG--KHTB.jpg,https://cdn.prod.website-files.com/68791e956444d53d9ef94535/687a4badb2e142b03e7cd205_18.pdf,https://webstore.uk.fujitsu-general.com/ARXG45KHTA,no
Fujitsu,High Static,Ducted Up to 9 - 12m,ARXG54KHTB,Fujitsu Standard,N/A,13.4,15.5,400,1050,500,100,2112,50,1056.00,Silver,#B0B0B0,AOEG54KBTB,3/8 Inch (9.53mm),5/8 Inch (15.88mm),https://cdn.prod.website-files.com/68791e956444d53d9ef94535/688a97514778afa4ffa90fed_ARXG--KHTB.jpg,https://cdn.prod.website-files.com/68791e956444d53d9ef94535/687a4badb2e142b03e7cd205_18.pdf,https://webstore.uk.fujitsu-general.com/ARXG54KHTA,no
Fujitsu,Floor Mount,Low Wall Mounted,AGEG09KVCA,Fujitsu Standard,N/A,2.6,3.5,600,740,200,100,729,50,364.50,White,#FDFDFD,AOEG09KVCA,1/4 Inch (6.35mm),3/8 Inch (9.53mm),https://cdn.prod.website-files.com/68791e956444d53d9ef94535/688a97526dd3859990d4f9e0_AGEG--KVCA.png,https://cdn.prod.website-files.com/68791e956444d53d9ef94535/687a49b9ad1768252bb47bf7_19.pdf,https://webstore.uk.fujitsu-general.com/AGYG09KVCA,yes
Fujitsu,Floor Mount,Low Wall Mounted,AGEG12KVCA,Fujitsu Standard,N/A,3.5,4.5,600,740,200,100,844,50,422.00,White,#FDFDFD,AOEG12KVCA,1/4 Inch (6.35mm),3/8 Inch (9.53mm),https://cdn.prod.website-files.com/68791e956444d53d9ef94535/688a97526dd3859990d4f9e0_AGEG--KVCA.png,https://cdn.prod.website-files.com/68791e956444d53d9ef94535/687a49b9ad1768252bb47bf7_19.pdf,https://webstore.uk.fujitsu-general.com/AGYG12KVCA,yes
Fujitsu,Floor Mount,Low Wall Mounted,AGEG14KVCA,Fujitsu Standard,N/A,4.2,5.2,600,740,200,100,983,50,491.50,White,#FDFDFD,AOEG14KVCA,1/4 Inch (6.35mm),3/8 Inch (9.53mm),https://cdn.prod.website-files.com/68791e956444d53d9ef94535/688a97526dd3859990d4f9e0_AGEG--KVCA.png,https://cdn.prod.website-files.com/68791e956444d53d9ef94535/687a49b9ad1768252bb47bf7_19.pdf,https://webstore.uk.fujitsu-general.com/AGYG14KVCA,yes
Fujitsu,Economy Range,Under Ceiling,ABEG18KRTA,Fujitsu Standard,N/A,5.2,6,235,1080,705,100,702,50,351.00,White,#FDFDFD,AOEG18KATA,1/4 Inch (6.35mm),1/2 Inch (12.7mm),https://cdn.prod.website-files.com/68791e956444d53d9ef94535/688a97515de420fe51a631d2_ABEG-30-KRTA.jpg,https://cdn.prod.website-files.com/68791e956444d53d9ef94535/687a49b9ad9bd74fe32946a5_20.pdf,https://webstore.uk.fujitsu-general.com/ABYG18KRTA%0D,yes
Fujitsu,Economy Range,Under Ceiling,ABEG22KRTA,Fujitsu Standard,N/A,6,7,235,1080,705,100,908,50,454.00,White,#FDFDFD,AOEG22KATA,1/4 Inch (6.35mm),1/2 Inch (12.7mm),https://cdn.prod.website-files.com/68791e956444d53d9ef94535/688a97515de420fe51a631d2_ABEG-30-KRTA.jpg,https://cdn.prod.website-files.com/68791e956444d53d9ef94535/687a49b9ad9bd74fe32946a5_20.pdf,https://webstore.uk.fujitsu-general.com/ABYG22KRTA%0D,yes
Fujitsu,Economy Range,Under Ceiling,ABEG24KRTA,Fujitsu Standard,N/A,6.8,7.5,235,1390,705,100,932,50,466.00,White,#FDFDFD,AOEG24KATA,1/4 Inch (6.35mm),1/2 Inch (12.7mm),https://cdn.prod.website-files.com/68791e956444d53d9ef94535/688a97515de420fe51a631d2_ABEG-30-KRTA.jpg,https://cdn.prod.website-files.com/68791e956444d53d9ef94535/687a49b9ad9bd74fe32946a5_20.pdf,https://webstore.uk.fujitsu-general.com/ABYG24KRTA%0D,yes
Fujitsu,Economy Range,Under Ceiling,ABEG30KRTA,Fujitsu Standard,N/A,8.5,10,235,1390,705,100,1276,50,638.00,White,#FDFDFD,AOEG30KATA,3/8 Inch (9.53mm),5/8 Inch (15.88mm),https://cdn.prod.website-files.com/68791e956444d53d9ef94535/688a97515de420fe51a631d2_ABEG-30-KRTA.jpg,https://cdn.prod.website-files.com/68791e956444d53d9ef94535/687a49b9ad9bd74fe32946a5_20.pdf,https://webstore.uk.fujitsu-general.com/ABYG30KRTA%0D,no
Fujitsu,Economy Range,Under Ceiling,ABEG36KRTA ,Fujitsu Standard,N/A,9.5,10.8,235,1700,705,100,1367,50,683.50,White,#FDFDFD,AOEG36KATA ,3/8 Inch (9.53mm),5/8 Inch (15.88mm),https://cdn.prod.website-files.com/68791e956444d53d9ef94535/688a9751142f345fde64bbfc_ABEG-45-KRTA.jpg,https://cdn.prod.website-files.com/68791e956444d53d9ef94535/687a49b9ad9bd74fe32946a5_20.pdf,https://webstore.uk.fujitsu-general.com/ABYG36KRTA%0D,no
Fujitsu,Economy Range,Under Ceiling,ABEG45KRTA ,Fujitsu Standard,N/A,12.1,13.5,235,1700,705,100,1628,50,814.00,White,#FDFDFD,AOEG45KATA ,3/8 Inch (9.53mm),5/8 Inch (15.88mm),https://cdn.prod.website-files.com/68791e956444d53d9ef94535/688a9751142f345fde64bbfc_ABEG-45-KRTA.jpg,https://cdn.prod.website-files.com/68791e956444d53d9ef94535/687a49b9ad9bd74fe32946a5_20.pdf,https://webstore.uk.fujitsu-general.com/ABYG45KRTA%0D,no
Fujitsu,Standard Range,Under Ceiling,ABEG18KRTA*,Fujitsu Standard,N/A,5.2,6,235,1080,705,100,702,50,351.00,White,#FDFDFD,AOEG18KBTB,1/4 Inch (6.35mm),1/2 Inch (12.7mm),https://cdn.prod.website-files.com/68791e956444d53d9ef94535/688a97515de420fe51a631d2_ABEG-30-KRTA.jpg,https://cdn.prod.website-files.com/68791e956444d53d9ef94535/687a49ba108f676b08834b25_21.pdf,https://webstore.uk.fujitsu-general.com/ABYG18KRTA%0D,yes
Fujitsu,Standard Range,Under Ceiling,ABEG22KRTA*,Fujitsu Standard,N/A,6,7,235,1080,705,100,908,50,454.00,White,#FDFDFD,AOEG22KBTB,1/4 Inch (6.35mm),1/2 Inch (12.7mm),https://cdn.prod.website-files.com/68791e956444d53d9ef94535/688a97515de420fe51a631d2_ABEG-30-KRTA.jpg,https://cdn.prod.website-files.com/68791e956444d53d9ef94535/687a49ba108f676b08834b25_21.pdf,https://webstore.uk.fujitsu-general.com/ABYG22KRTA%0D,yes
Fujitsu,Standard Range,Under Ceiling,ABEG24KRTA*,Fujitsu Standard,N/A,6.8,7.5,235,1390,705,100,973,50,486.50,White,#FDFDFD,AOEG24KBTB,1/4 Inch (6.35mm),1/2 Inch (12.7mm),https://cdn.prod.website-files.com/68791e956444d53d9ef94535/688a97515de420fe51a631d2_ABEG-30-KRTA.jpg,https://cdn.prod.website-files.com/68791e956444d53d9ef94535/687a49ba108f676b08834b25_21.pdf,https://webstore.uk.fujitsu-general.com/ABYG24KRTA%0D,yes
Fujitsu,Standard Range,Under Ceiling,ABEG30KRTA*,Fujitsu Standard,N/A,8.5,10,235,1390,705,100,1453,50,726.50,White,#FDFDFD,AOEG30KBTB,3/8 Inch (9.53mm),5/8 Inch (15.88mm),https://cdn.prod.website-files.com/68791e956444d53d9ef94535/688a97515de420fe51a631d2_ABEG-30-KRTA.jpg,https://cdn.prod.website-files.com/68791e956444d53d9ef94535/687a49ba108f676b08834b25_21.pdf,https://webstore.uk.fujitsu-general.com/ABYG30KRTA%0D,no
Fujitsu,Standard Range,Under Ceiling,ABEG36KRTA*,Fujitsu Standard,N/A,9.5,10.8,235,1700,705,100,1622,50,811.00,White,#FDFDFD,AOEG36KBTB,3/8 Inch (9.53mm),5/8 Inch (15.88mm),https://cdn.prod.website-files.com/68791e956444d53d9ef94535/688a9751142f345fde64bbfc_ABEG-45-KRTA.jpg,https://cdn.prod.website-files.com/68791e956444d53d9ef94535/687a49ba108f676b08834b25_21.pdf,https://webstore.uk.fujitsu-general.com/ABYG36KRTA%0D,no
Fujitsu,Standard Range,Under Ceiling,ABEG45KRTA*,Fujitsu Standard,N/A,12.1,13.5,235,1700,705,100,1825,50,912.50,White,#FDFDFD,AOEG45KBTB,3/8 Inch (9.53mm),5/8 Inch (15.88mm),https://cdn.prod.website-files.com/68791e956444d53d9ef94535/688a9751142f345fde64bbfc_ABEG-45-KRTA.jpg,https://cdn.prod.website-files.com/68791e956444d53d9ef94535/687a49ba108f676b08834b25_21.pdf,https://webstore.uk.fujitsu-general.com/ABYG45KRTA%0D,no
Mitsubishi Electric,MSZ-EF,Wall Mounted,MSZ-EF25VGK-B,Mitsubishi Premium,N/A,2.5,3.2,307,890,233,100,389,25.5,289.81,Black,#1B262C,MUZ-EF25VG,1/4 Inch (6.35mm),3/8 Inch (9.53mm),https://cdn.prod.website-files.com/68791e956444d53d9ef94535/688a98a3461adcdb7b1d293e_MSZ-EF-B.jpg,https://cdn.prod.website-files.com/68791e956444d53d9ef94535/687fbe3d2b4ed9e10ef6ac9e_13.pdf,https://cdn.prod.website-files.com/68791e956444d53d9ef94535/687fbe3d2b4ed9e10ef6ac9e_13.pdf,yes
Mitsubishi Electric,MSZ-EF,Wall Mounted,MSZ-EF25VGK-S,Mitsubishi Premium,N/A,2.5,3.2,307,890,233,100,389,25.5,289.81,Silver,#DDDADD,MUZ-EF25VG,1/4 Inch (6.35mm),3/8 Inch (9.53mm),https://cdn.prod.website-files.com/68791e956444d53d9ef94535/688a98a37027a3d34328a943_MSZ-EF-S.jpg,https://cdn.prod.website-files.com/68791e956444d53d9ef94535/687fbe3d2b4ed9e10ef6ac9e_13.pdf,https://cdn.prod.website-files.com/68791e956444d53d9ef94535/687fbe3d2b4ed9e10ef6ac9e_13.pdf,yes
Mitsubishi Electric,MSZ-EF,Wall Mounted,MSZ-EF25VGK-W,Mitsubishi Premium,N/A,2.5,3.2,307,890,233,100,389,25.5,289.81,White,#FDFDFD,MUZ-EF25VG,1/4 Inch (6.35mm),3/8 Inch (9.53mm),https://cdn.prod.website-files.com/68791e956444d53d9ef94535/688a98a34778afa4ffa96102_MSZ-EF-W.jpg,https://cdn.prod.website-files.com/68791e956444d53d9ef94535/687fbe3d2b4ed9e10ef6ac9e_13.pdf,https://cdn.prod.website-files.com/68791e956444d53d9ef94535/687fbe3d2b4ed9e10ef6ac9e_13.pdf,yes
Mitsubishi Electric,MSZ-EF,Wall Mounted,MSZ-EF35VGK-B,Mitsubishi Premium,N/A,3.5,4,307,890,233,100,464,25.5,345.68,Black,#1B262C,MUZ-EF35VG,1/4 Inch (6.35mm),3/8 Inch (9.53mm),https://cdn.prod.website-files.com/68791e956444d53d9ef94535/688a98a3461adcdb7b1d293e_MSZ-EF-B.jpg,https://cdn.prod.website-files.com/68791e956444d53d9ef94535/687fbe3d2b4ed9e10ef6ac9e_13.pdf,https://cdn.prod.website-files.com/68791e956444d53d9ef94535/687fbe3d2b4ed9e10ef6ac9e_13.pdf,yes
Mitsubishi Electric,MSZ-EF,Wall Mounted,MSZ-EF35VGK-S,Mitsubishi Premium,N/A,3.5,4,307,890,233,100,464,25.5,345.68,Silver,#DDDADD,MUZ-EF35VG,1/4 Inch (6.35mm),3/8 Inch (9.53mm),https://cdn.prod.website-files.com/68791e956444d53d9ef94535/688a98a37027a3d34328a943_MSZ-EF-S.jpg,https://cdn.prod.website-files.com/68791e956444d53d9ef94535/687fbe3d2b4ed9e10ef6ac9e_13.pdf,https://cdn.prod.website-files.com/68791e956444d53d9ef94535/687fbe3d2b4ed9e10ef6ac9e_13.pdf,yes
Mitsubishi Electric,MSZ-EF,Wall Mounted,MSZ-EF35VGK-W,Mitsubishi Premium,N/A,3.5,4,307,890,233,100,464,25.5,345.68,White,#FDFDFD,MUZ-EF35VG,1/4 Inch (6.35mm),3/8 Inch (9.53mm),https://cdn.prod.website-files.com/68791e956444d53d9ef94535/688a98a34778afa4ffa96102_MSZ-EF-W.jpg,https://cdn.prod.website-files.com/68791e956444d53d9ef94535/687fbe3d2b4ed9e10ef6ac9e_13.pdf,https://cdn.prod.website-files.com/68791e956444d53d9ef94535/687fbe3d2b4ed9e10ef6ac9e_13.pdf,yes
Mitsubishi Electric,MSZ-EF,Wall Mounted,MSZ-EF50VGK-B,Mitsubishi Premium,N/A,5,5.8,307,890,233,100,506,25.5,376.97,Black,#1B262C,MUZ-EF50VG,1/4 Inch (6.35mm),3/8 Inch (9.53mm),https://cdn.prod.website-files.com/68791e956444d53d9ef94535/688a98a3461adcdb7b1d293e_MSZ-EF-B.jpg,https://cdn.prod.website-files.com/68791e956444d53d9ef94535/687fbe3d2b4ed9e10ef6ac9e_13.pdf,https://cdn.prod.website-files.com/68791e956444d53d9ef94535/687fbe3d2b4ed9e10ef6ac9e_13.pdf,yes
Mitsubishi Electric,MSZ-EF,Wall Mounted,MSZ-EF50VGK-S,Mitsubishi Premium,N/A,5,5.8,307,890,233,100,506,25.5,376.97,Silver,#DDDADD,MUZ-EF50VG,1/4 Inch (6.35mm),3/8 Inch (9.53mm),https://cdn.prod.website-files.com/68791e956444d53d9ef94535/688a98a37027a3d34328a943_MSZ-EF-S.jpg,https://cdn.prod.website-files.com/68791e956444d53d9ef94535/687fbe3d2b4ed9e10ef6ac9e_13.pdf,https://cdn.prod.website-files.com/68791e956444d53d9ef94535/687fbe3d2b4ed9e10ef6ac9e_13.pdf,yes
Mitsubishi Electric,MSZ-EF,Wall Mounted,MSZ-EF50VGK-W,Mitsubishi Premium,N/A,5,5.8,307,890,233,100,506,25.5,376.97,White,#FDFDFD,MUZ-EF50VG,1/4 Inch (6.35mm),3/8 Inch (9.53mm),https://cdn.prod.website-files.com/68791e956444d53d9ef94535/688a98a34778afa4ffa96102_MSZ-EF-W.jpg,https://cdn.prod.website-files.com/68791e956444d53d9ef94535/687fbe3d2b4ed9e10ef6ac9e_13.pdf,https://cdn.prod.website-files.com/68791e956444d53d9ef94535/687fbe3d2b4ed9e10ef6ac9e_13.pdf,yes
Mitsubishi Electric,MSZ-AY,Wall Mounted,MSZ-AY20VGK,Mitsubishi Economy,N/A,2,2.5,250,760,199,100,290,25.5,216.05,White,#FDFDFD,MUZ-AY20VG,1/4 Inch (6.35mm),3/8 Inch (9.53mm),https://cdn.prod.website-files.com/68791e956444d53d9ef94535/688a98a340ff1439439f4d4a_MSZ-AY.jpg,https://cdn.prod.website-files.com/68791e956444d53d9ef94535/687fbe3d9f40bd4e7d856db1_14.pdf,https://cdn.prod.website-files.com/68791e956444d53d9ef94535/687fbe3d9f40bd4e7d856db1_14.pdf,yes
Mitsubishi Electric,MSZ-AY,Wall Mounted,MSZ-AY25VGK,Mitsubishi Economy,N/A,2.5,3.2,299,798,245,100,314,25.5,233.93,White,#FDFDFD,MUZ-AY25VG,1/4 Inch (6.35mm),3/8 Inch (9.53mm),https://cdn.prod.website-files.com/68791e956444d53d9ef94535/688a98a340ff1439439f4d4a_MSZ-AY.jpg,https://cdn.prod.website-files.com/68791e956444d53d9ef94535/687fbe3d9f40bd4e7d856db1_14.pdf,https://cdn.prod.website-files.com/68791e956444d53d9ef94535/687fbe3d9f40bd4e7d856db1_14.pdf,yes
Mitsubishi Electric,MSZ-AY,Wall Mounted,MSZ-AY35VGK,Mitsubishi Economy,N/A,3.5,4,299,798,245,100,370,25.5,275.65,White,#FDFDFD,MUZ-AY35VG,1/4 Inch (6.35mm),3/8 Inch (9.53mm),https://cdn.prod.website-files.com/68791e956444d53d9ef94535/688a98a340ff1439439f4d4a_MSZ-AY.jpg,https://cdn.prod.website-files.com/68791e956444d53d9ef94535/687fbe3d9f40bd4e7d856db1_14.pdf,https://cdn.prod.website-files.com/68791e956444d53d9ef94535/687fbe3d9f40bd4e7d856db1_14.pdf,yes
Mitsubishi Electric,MSZ-AY,Wall Mounted,MSZ-AY42VGK,Mitsubishi Economy,N/A,4.2,5.2,299,798,245,100,419,25.5,312.16,White,#FDFDFD,MUZ-AY42VG,1/4 Inch (6.35mm),3/8 Inch (9.53mm),https://cdn.prod.website-files.com/68791e956444d53d9ef94535/688a98a340ff1439439f4d4a_MSZ-AY.jpg,https://cdn.prod.website-files.com/68791e956444d53d9ef94535/687fbe3d9f40bd4e7d856db1_14.pdf,https://cdn.prod.website-files.com/68791e956444d53d9ef94535/687fbe3d9f40bd4e7d856db1_14.pdf,yes
Mitsubishi Electric,MSZ-AY,Wall Mounted,MSZ-AY50VGK,Mitsubishi Economy,N/A,5,5.5,299,798,245,100,458,25.5,341.21,White,#FDFDFD,MUZ-AY50VG,1/4 Inch (6.35mm),3/8 Inch (9.53mm),https://cdn.prod.website-files.com/68791e956444d53d9ef94535/688a98a340ff1439439f4d4a_MSZ-AY.jpg,https://cdn.prod.website-files.com/68791e956444d53d9ef94535/687fbe3d9f40bd4e7d856db1_14.pdf,https://cdn.prod.website-files.com/68791e956444d53d9ef94535/687fbe3d9f40bd4e7d856db1_14.pdf,yes
Mitsubishi Electric,MSZ-AP,Wall Mounted,MSZ-AP60VGK,Mitsubishi Economy,N/A,6.1,6.8,325,1100,257,100,490,25.5,365.05,White,#FDFDFD,MUZ-AP60VG,1/4 Inch (6.35mm),3/8 Inch (9.53mm),https://cdn.prod.website-files.com/68791e956444d53d9ef94535/688a98a3e649c54128574912_MSZ-AP.jpg,https://cdn.prod.website-files.com/68791e956444d53d9ef94535/687fbe3d9f40bd4e7d856db1_14.pdf,https://cdn.prod.website-files.com/68791e956444d53d9ef94535/687fbe3d9f40bd4e7d856db1_14.pdf,yes
Mitsubishi Electric,MSZ-AP,Wall Mounted,MSZ-AP71VGK,Mitsubishi Economy,N/A,7.1,8,325,1100,257,100,670,25.5,499.15,White,#FDFDFD,MUZ-AP71VG2,1/4 Inch (6.35mm),3/8 Inch (9.53mm),https://cdn.prod.website-files.com/68791e956444d53d9ef94535/688a98a3e649c54128574912_MSZ-AP.jpg,https://cdn.prod.website-files.com/68791e956444d53d9ef94535/687fbe3d9f40bd4e7d856db1_14.pdf,https://cdn.prod.website-files.com/68791e956444d53d9ef94535/687fbe3d9f40bd4e7d856db1_14.pdf,yes